"raster_name","contig_park","lsi_park","circle_park","district","shannon_index","total_edge","contig","lsi","circle","X4_lpi_0m","X6_lpi_0m","X4_ed_0m","X6_ed_0m","X4_contig_mn_0m","X6_contig_mn_0m","X4_pland_0m","X6_pland_0m","X4_nlsi_0m","X6_nlsi_0m","X4_te_0m","X6_te_0m","X4_np_0m","X6_np_0m","X1_lpi_0m","X1_ed_0m","X1_contig_mn_0m","X1_pland_0m","X1_nlsi_0m","X1_te_0m","X1_np_0m","X2_lpi_0m","X5_lpi_0m","X2_ed_0m","X5_ed_0m","X2_contig_mn_0m","X5_contig_mn_0m","X2_pland_0m","X5_pland_0m","X2_nlsi_0m","X5_nlsi_0m","X2_te_0m","X5_te_0m","X2_np_0m","X5_np_0m","pq_area","pq_PrefReg","Categoria","Mobilidade","Acessibili","Equip_cria","Equip_espo","Sinalizaca","Nota_Infra","Manejo_Con","Residuos_s","Ambientes_","Nota_manej","Nota_segur","Nota_gesta","ID","area","altmean","vol_asum","vol_bsum","alt_bmean","area_agua","ds_codigo","Media_GeoSES","Media_educacao","Media_mobilidade","Media_pobreza","Media_privacao_material","Media_riqueza","Media_renda","Media_segregacao","contig_mn_tree"
"ACLIMACAO","0.995613745795132","1.39377537212449","0.404016182777077","LIBERDADE","11.5035891624677","536.652752334905","0.281714731331598","9.22669826224329","0.538259105563278","89.9806801005035","1.74579817211728","536.652752334905","536.652752334905","0.778196308172357","0.268296310335902","91.0738060202008","8.92619397979919","0.188478340007281","0.203230376877302",5361,5361,9,333,"0","0",NA,"0",NA,0,0,"0","0","0","0",NA,NA,"0","0",NA,NA,0,0,0,0,"136477","SE","Urbano","0.12","0.12","0.16","0.08","0","1","0.25","0.2","0.03","0.5","0.74","0.6",24,"36617.791","16.2855587237363","1512093.77055051","9782.4735173583","5.07919692312236","30487122",49,"0.293570282755517","32.691859733068","48.6900316563906","2.63991864885306","89.5835674293823","29.4041373716702","6866.48014616272","0.234770342179545","0.778196308172357"
"AGUA BRANCA","0.995699136185523","1.4177897574124","0.399277527832689","BARRA FUNDA","11.4428921015968","367.652556584527","0.184333546707831","10.2549019607843","0.507936077902969","89.1947319511648","0.894030185535297","367.652556584527","367.652556584527","0.637294821015547","0.157939186738772","95.9261276850279","4.07387231497207","0.374805343824277","0.359808102345416",3442,3442,31,532,"0","0",NA,"0",NA,0,0,"0","0","0","0",NA,NA,"0","0",NA,NA,0,0,0,0,"137000","LAPA","Urbano","0.11","0.12","0.29","0.05","0.06","1.27","0.3","0.29","0.3","0.89","0.85","0.67",8,"91869.458","16.7326965476202","1554797.98003073","215773.919573117","7.23995809258714","859891",6,"0.415016650369291","38.574122138067","45.4999163246981","3.87560375755193","90.0527213837374","42.8302495488732","8919.48695859987","0.390276250635983","0.637294821015547"
"ALFREDO VOLPI","0.994994884747737","1.61569688768606","0.612106953236415","MORUMBI","11.6901095355401","51.8049991452547","0.22044415750423","2.41621253405995","0.541871249360914","3.07485339259568","0.0884475595162885","50.1698341794073","20.0679336717629","0.430493107376172","0.154822896900696","5.79517329032354","0.164259753387393","0.0334695466043977","0.395631067961165",675,270,6,31,"94.0405669562891","33.3722304393391","0.994409536982151","94.0405669562891","0.0316425120772947",449,1,"0","0","0","0",NA,NA,"0","0",NA,NA,0,0,0,0,"136197","BUTANTA","Urbano","0.09","0.08","0.23","0.04","0.07","1.09","0.37","0.28","0.31","0.97","0.73","0.42",26,"50089.413","13.9869201453721","1875453.6713424","7462.52881406248","9.51853165058989","2381289",54,"0.59241554643895","36.2626282448725","36.5091501734218","7.30696995545171","90.1332879250108","55.7719749432906","21594.7157429233","0.451958410951416","0.712451322179162"
"ALTO DA BOA VISTA","0.990133442544623","1.93665158371041","0.735705444473657","SANTO AMARO","10.6353908341718","424.989200419641","0.288205065559576","4.35147392290249","0.51325099467761","59.6651101557197","0.814596918519738","424.57778783453","298.479830498015","0.537296850159934","0.248646835784966","59.7412214839652","3.08353732540678","0.0325992931464867","0.232534246575342",2064,1451,4,60,"30.8189167506634","126.920782506737","0.976768389597182","37.175241190628","0.00741463414634146",617,2,"0","0","0","0",NA,NA,"0","0",NA,NA,0,0,0,0,"31000","SANTO AMARO","Urbano","0.1","0.03","0","0.02","0.03","0.84","0.31","0.18","0","0.5","0.74","0.24",5,"19053.978","17.6499118176983","834964.378359854","215.476122975349","3.13825111888176","0",71,"0.590886050957288","41.7328169369067","39.3685908196938","0.627311805731473","95.6885364424576","55.926599971254","12509.4645099667","0.539499289218466","0.757032619878558"
"ANHANGUERA","0.99928520542948","1.9094723253187","0.691498796776646","ANHANGUERA","15.81941187236","229.381470464851","0.302870257364866","22.054374289888","0.511342289903806","2.18560734621085","1.31687069294449","186.851108951508","201.64556134807","0.440700866953758","0.226142831244681","7.110422942574","4.4235370504272","0.0682244717584749","0.121950084481228",177272,191308,2833,5292,"55.9723484137809","61.8634938771036","0.362186874595719","87.4335061250045","0.0147075777516534",58692,98,"0.24041512162524","0.13119588841551","5.33869345886202","3.06408329415832","0.795868664329957","0.696106502296251","0.866175345249564","0.166358536744757","0.0255403590181951","0.0399182474292649",5065,2907,15,6,"9599914","PERUS","Urbano","0.11","0.13","0.17","0.08","0.06","1.11","0.33","0.18","0.33","0.85","0.92","0.57",168,"727814.207","22.9126900466446","202525565.187262","125814.559741226","4.77258608404113","18106.15",3,"-0.451087708429894","4.00299096282592","23.5903388343192","12.2944439309524","60.6171642169911","0","2279.80360282445","-0.098609097728319","0.401443870774739"
"BARRAGEM DE GUARAPIRANGA","0.994735382810423","2.43929564411492","0.837000920010424","SOCORRO","12.3215380123508","400.584157984219","0.404343292888841","14.2573068893528","0.529380465265508","2.96874318845634","37.0508740572824","381.141287763198","399.450717119316","0.487086980672747","0.262365143619178","11.8126335062557","83.0703169275034","0.0962052576860241","0.127038539781732",8743,9163,230,142,"0","0",NA,"0",NA,0,0,"4.11395440080213","0","20.5763110859235","0","0.969267795885616",NA,"5.1170495662409","0","0.0149189561030139",NA,472,0,2,0,"290935","CAPELA DO SOCORRO","Urbano","0.1","0.07","0.27","0.07","0.04","1.07","0.28","0.26","0.34","0.89","0.88","0.39",27,"80266.305","10.9230115642215","308577.807442149","827.351741492748","3.50572771818961","0",79,"0.164839712670636","22.9817010396973","34.5940369713562","3.90167581363747","91.6301854344781","14.4664248780722","9350.37272527546","0.233538400521198","0.487086980672747"
"BENEMERITO JOSE BRAS","0.987900323857503","1.66889632107023","0.656680878610647","BRAS","9.5352282576165","1288.51739038039","0.499162973165858","10.1617647058824","0.545030857657041","10.0587943614082","18.0279096125239","1288.51739038039","1288.51739038039","0.636900071654841","0.398811658552456","48.1192888007367","51.8807111992633","0.103941584084643","0.116658139024925",1819,1819,51,70,"0","0",NA,"0",NA,0,0,"0","0","0","0",NA,NA,"0","0",NA,NA,0,0,0,0,"22233","MOOCA","Urbano","0.08","0.04","0.29","0.08","0.05","1.16","0.33","0.21","0","0.55","0.81","0.48",76,"82685.199","6.82330557477852","48989.6282005161","5361.83874320984","4.03449115365676","0",10,"-0.114836872507915","10.9970336009603","45.1193571933151","7.92826588038069","79.7104721923236","4.19987312035109","3355.53981454526","0.016816967765964","0.636900071654841"
"BUENOS AIRES","0.990507165899836","1.32704402515723","0.433646517257182","CONSOLACAO","10.0366878415286","393.353974968383","0.227734714657257","4.46534653465347","0.486688990200725","96.1100693384501","0.719549954210458","393.353974968383","393.353974968383","0.787024049317666","0.203417787063327","96.515633858096","3.48436614190397","0.384911470361817","0.291369240752758",902,902,3,69,"0","0",NA,"0",NA,0,0,"0","0","0","0",NA,NA,"0","0",NA,NA,0,0,0,0,"25214","SE","Urbano","0.11","0.14","0.35","0.05","0.06","1.43","0.23","0.16","0.37","0.78","0.96","0.67",44,"26039.944","13.6031210538618","308324.941026568","4963.99940617383","4.71191210837572","0",26,"0.648920601212583","46.7470377753355","44.0420942259193","0.487507038098551","96.4291839332607","60.6361362004469","12447.0623524817","0.510173695124419","0.787024049317666"
"BURLE MARX","0.99270058002341","2.77347417840376","0.612554851959082","VILA ANDRADE","12.0709122162111","146.511787124307","0.217227031264862","5.36992840095465","0.488640290010096","70.7073415641617","1.12165955407472","146.511787124307","146.511787124307","0.535094691835508","0.195412583970798","96.8797781784157","3.12022182158424","0.222380207592777","0.155977757182576",2568,2568,14,204,"0","0",NA,"0",NA,0,0,"0","0","0","0",NA,NA,"0","0",NA,NA,0,0,0,0,"46340","CAMPO LIMPO","Urbano","0.13","0.12","0.3","0.02","0.04","1.53","0.39","0.35","0.33","1.08","1.08","0.69",45,"98279.132","18.1280902580914","3097456.14194879","7527.92380880809","10.4028420741505","1215.32",83,"-0.030423985503632","22.2303721427348","27.5293016880396","16.4621387825816","75.7316451314646","35.5993719157809","8732.68746794885","0.144805319119263","0.535094691835508"
"CANDIDO PORTINARI","0.996108203230755","1.27534246575342","0.505398068562853","ALTO DE PINHEIROS","11.1546873018582","810.768552869103","0.468066883956337","19.5009416195857","0.534900237282143","0.632524554745356","21.7289952098702","810.768552869103","810.768552869103","0.497730236215331","0.391755518064248","11.1892883032706","88.8107116967294","0.22093023255814","0.366030442135782",5704,5704,319,124,"0","0",NA,"0",NA,0,0,"0","0","0","0",NA,NA,"0","0",NA,NA,0,0,0,0,"121670","PINHEIROS","Urbano","0.13","0.14","0.23","0.08","0.08","1.26","0.25","0.15","0.22","0.62","0.9","0.61",11,"186994.365","5.43322048691332","47139.9792495817","21120.4233565703","4.97017775175188","0",2,"0.775501679635104","46.5329237750076","50.7462276785987","0.670100083494507","95.5729310472491","67.5668235156343","15171.5809006587","0.611255328917109","0.497730236215331"
"CANTINHO DO CEU","0.981109411772922","3.59496567505721","0.797793226357532","GRAJAU","10.2212974905338","1150.119458455","0.419254584483574","13.3045977011494","0.560763079109694","4.46641890098221","2.69777010883993","962.967878948765","848.48685956995","0.616129960940369","0.302744461149194","36.2556410937085","21.0412795327847","0.105535532760373","0.174572751956556",2902,2557,71,142,"0","0",NA,"0",NA,0,0,"13.9102734271303","0","488.784178391293","0","0.932511741493467",NA,"42.7030793735068","0","0.0508016149896123",NA,1473,0,5,0,"47766","CAPELA DO SOCORRO","Linear","0.18","0.09","0.06","0.11","0","0.61","0.32","0.19","0","0.51","0.53","0.35",115,"83064.364","7.16998257188782","92749.1020542979","16519.2065409259","5.96344329275877","0",30,"-0.614252098375229","2.70407708534811","13.1047847469642","17.8520599070898","53.2234066180632","0.193171757695639","2018.6599727649","-0.150317547305354","0.616129960940369"
"CENTRAL DO ITAIM PAULISTA","0.989824821335193","1.18151815181518","0.605972857915022","ITAIM PAULISTA","9.97554847733601","947.373276140399","0.268314555161265","5.45762711864407","0.516570815509099","90.15266823486","1.72501268391679","947.373276140399","947.373276140399","0.34380033946777","0.261917454796307","90.6415755730824","9.35842442691758","0.234484059611394","0.257625409629443",2054,2054,10,118,"0","0",NA,"0",NA,0,0,"0","0","0","0",NA,NA,"0","0",NA,NA,0,0,0,0,"23058","ITAIM PAULISTA","Urbano","0.09","0.07","0.14","0.03","0.03","0.96","0.2","0.2","0.03","0.44","0.66","0.51",81,"18109.825","10.2399920074439","209627.996380389","4948.57252518833","5.11338356547077","23131",36,"-0.557912314429747","3.17775237001221","18.2914129642375","19.1331269886137","63.3876189520326","0.220421100091185","1918.16608519972","-0.167160828435478","0.34380033946777"
"CHACARA DO JOCKEY","0.99595354857696","1.4238845144357","0.312679177664705","VILA SONIA","11.5045219947963","639.616487100919","0.292012797683158","13.5282574568289","0.543356510211528","49.303153108629","20.8994761292873","639.616487100919","639.616487100919","0.596607736126664","0.24228301181483","64.0140357813581","35.9859642186419","0.0714395021424199","0.0740004417936824",6471,6471,72,441,"0","0",NA,"0",NA,0,0,"0","0","0","0",NA,NA,"0","0",NA,NA,0,0,0,0,"144975","BUTANTA","Urbano","0.09","0.02","0.04","0.05","0.02","0.92","0.21","0.2","0.35","0.77","0.73","0.56",29,"115910.688","9.77417851493201","663302.633014202","95704.8341286103","5.32674036390585","3409496",94,"0.064115530747202","25.891610409325","29.1033375582386","7.46343968196496","79.8873256462488","24.4954997739538","7210.92010917722","0.244623712637406","0.596607736126664"
"CHICO MENDES","0.992595231156159","1.60240963855422","0.543381725831167","VILA CURUCA","10.9765564842715","398.622969817816","0.267639710536758","5.1639175257732","0.522156468065944","96.8181740716124","0.270974998721816","398.622969817816","398.622969817816","0.44563359345968","0.263594395015782","96.8369207696372","3.16307923036283","0.337142857142857","0.337103448275862",2339,2339,4,176,"0","0",NA,"0",NA,0,0,"0","0","0","0",NA,NA,"0","0",NA,NA,0,0,0,0,"61773","ITAIM PAULISTA","Urbano","0.05","0.02","0.29","0.06","0.02","0.88","0.2","0.07","0","0.28","0.7","0.32",117,"22994.48","17.5720569099397","1021028.75976627","9688.01593569061","6.60821554459041","0",84,"-0.479970902261723","3.91067327033041","21.4845927521963","15.9407684789799","66.1478097723867","0.216327293618272","2162.05949066366","-0.122892259470799","0.44563359345968"
"CIDADE DE TORONTO","0.994690120343605","1.75346260387812","0.743823762432261","SAO DOMINGOS","11.240998903085","557.820398640258","0.296326545481272","10.287610619469","0.532885211005069","32.6037054226615","5.06516476210785","525.582970610002","487.575419274721","0.581882848746791","0.217002160162981","66.7929403795738","14.2509501887834","0.0616903255533698","0.133819086547006",4190,3887,51,208,"0","0",NA,"0",NA,0,0,"15.4526410857867","0","102.482407395793","0","0.941693438702328",NA,"18.9561094316429","0","0.0207151911401695",NA,817,0,3,0,"130077","PIRITUBA/JARAGUA","Urbano","0.06","0.04","0.25","0.05","0.05","1.12","0.29","0.26","0.08","0.64","0.78","0.53",25,"47723.533","10.9958469947362","664168.401214305","1071.65952092409","4.01746774479509","41725867",95,"-0.163077314371174","11.963286999398","36.4377777554712","8.27524052113747","69.2698789739381","7.22937181987193","3990.51261781837","0.094039764179639","0.581882848746791"
"CLUBE DO CHUVISCO","0.986813837309264","1.82282282282282","0.398454160292129","CAMPO BELO","9.58931384402975","952.476842529199","0.338222742285477","12.4265306122449","0.53904852440615","39.9919452275473","9.99463015169822","952.476842529199","952.476842529199","0.603585569001936","0.257383735471191","66.3981742515774","33.6018257484226","0.133460273498356","0.189564336372847",1419,1419,46,151,"0","0",NA,"0",NA,0,0,"0","0","0","0",NA,NA,"0","0",NA,NA,0,0,0,0,"18775","SANTO AMARO","Urbano","0.11","0.07","0","0.08","0.03","0.75","0.31","0.28","0.25","0.85","0.76","0.5",170,"9599659.775","11.1623493413504","122520.736957997","22844.7065111715","6.11997734616378","0",15,"0.65463339765797","41.4562546404148","39.1939621188082","3.42407299425917","93.638055526133","77.2151026681099","15369.9342621764","0.505611811019448","0.603585569001936"
"COLINA DE SAO FRANCISCO","0.98977239384667","1.97025171624714","0.759009275903473","RIO PEQUENO","10.5765414309939","151.428631855001","0.324184455086421","2.92873563218391","0.512847502686458","4.6189962565827","0.723304358860478","146.987289300594","100.458938730622","0.539678060795282","0.240509434432578","8.53160755451219","1.36835649176237","0.0711586901763224","0.185840707964602",695,475,7,26,"90.1000359537254","55.4110356787852","0.991279752124313","90.1000359537254","0.0254007911721841",262,1,"0","0","0","0",NA,NA,"0","0",NA,NA,0,0,0,0,"47723","BUTANTA","Urbano","0.1","0.02","0.02","0","0.03","0.69","0.36","0.17","0.12","0.66","0.81","0.3",101,"9411.997","28.1221326321331","1309366.49535212","1308.25377100706","5.32939815161557","0",67,"-0.063329241264538","18.0135807845512","33.4397781759","8.03878203034079","77.3743005528072","13.1317842144452","4966.15331502216","0.152360934448431","0.765478906459798"
"DA CIENCIA","0.992184412818731","2.91787439613527","0.844919520535609","CIDADE TIRADENTES","11.7085247848779","538.514426324423","0.323858181870978","9.11717791411043","0.535415097546883","2.53546270385024","3.20672102672971","507.333783653382","486.285342082409","0.378468096383729","0.273798320579294","13.5771494740905","9.50195406735501","0.110748384500145","0.153432721223367",8412,8063,194,225,"76.9208964585545","83.4097269130561","0.993003557026107","76.9208964585545","0.0113419108148607",1383,1,"0","0","0","0",NA,NA,"0","0",NA,NA,0,0,0,0,"171228","CIDADE TIRADENTES","Urbano","0.08","0.04","0.22","0.08","0.01","1.03","0.2","0.12","0","0.32","0.88","0.35",43,"65132.56","10.3580176599586","1625615.77610247","7813.21751183085","4.10765095846685","0",25,"-0.562307221553176","2.52161174056701","12.5253552993115","18.48125966111","69.6606331729164","0","1783.38353365063","-0.163119557231754","0.685735826704918"
"DA CONSCIENCIA NEGRA","0.991513452977889","2.66037735849057","0.650098006220832","CIDADE TIRADENTES","11.3780662115228","1127.13751975859","0.311036728401822","14.1062874251497","0.53666858179959","23.8557982468746","3.58259088949562","710.770225607127","1073.69952579394","0.456712532254038","0.271261627481841","33.0201896824256","17.6569909469751","0.0642943074315087","0.188222034375881",7914,11955,138,506,"49.2357019686737","469.805288116109","0.31212911573061","49.3228193705992","0.0229776806532135",5231,21,"0","0","0","0",NA,NA,"0","0",NA,NA,0,0,0,0,"118495","CIDADE TIRADENTES","Linear","0.14","0.06","0.07","0.05","0.05","0.51","0.34","0.21","0.61","1.17","0.58","0.51",36,"22235.88","19.6460974416755","1858948.12060186","3574.59730601124","3.17914211013804","0",25,"-0.562307221553176","2.52161174056701","12.5253552993115","18.48125966111","69.6606331729164","0","1783.38353365063","-0.163119557231754","0.384420823992324"
"DAS NEBULOSAS","0.989820765638098","1.91071428571429","0.67554118472956","SAO MATEUS","10.5350063612256","1340.11476264997","0.32812636100574","11.1122448979592","0.5474373528914","35.7198748043819","11.2154407929056","1340.11476264997","1340.11476264997","0.457885870917913","0.301163345959055","68.5393844548774","31.4606155451226","0.114975420060166","0.135793172690763",5138,5138,48,231,"0","0",NA,"0",NA,0,0,"0","0","0","0",NA,NA,"0","0",NA,NA,0,0,0,0,"50104","SAO MATEUS","Urbano","0.11","0.14","0.04","0.08","0.04","0.93","0.31","0.2","0.2","0.71","0.85","0.58",99,"73925.38","6.79445087197249","200711.475983503","25909.3535684422","6.6643725333643","0",73,"-0.36561836565372","5.73435158689004","24.8440595513466","11.7021915842885","70.7433464985509","0.565854378230847","2684.27709300146","-0.052909154884619","0.457885870917913"
"DO CARMO - OLAVO EGIDIO SETUBAL","0.998829393499189","1.23570547099959","0.306090268354559","PARQUE DO CARMO","13.9016305361971","1027.26629822677","0.312307379811025","37.5843425605536","0.519809569070912","17.3777656378039","8.41330125386806","908.390177098105","963.281983738255","0.481877952427854","0.230363503983508","31.1129154770947","29.7989545486861","0.0780077859631034","0.0916914741492826",121385,128720,1669,3575,"15.5954844286126","161.839156155403","0.43194338128475","37.8507257168301","0.0121764214982146",21626,48,"0.259005511631301","0.596139238848582","6.68280617991192","14.3384732818715","0.942726577026012","0.801091366596824","0.410921486381818","0.826482771007248","0.0331394812148066","0.0395849522329387",893,1916,2,6,"1476631","ITAQUERA","Urbano","0.08","0.07","0.12","0.06","0.04","0.73","0.24","0.2","0.3","0.74","0.75","0.34",33,"210791.422","13.4204865820613","12617236.9089085","44946.9349767519","4.41305532336865","67548805",57,"-0.444324052910387","6.39998020797694","21.8324095047015","13.7341117638152","63.3254191135488","0.346401385164817","2392.66852506405","-0.088299890013834","0.456910666856302"
"DO CASTELO","0.993703654420748","1.61979166666667","0.703000944576591","CIDADE DUTRA","11.0897534870645","665.982404692082","0.282543140014048","7.03059273422562","0.52519914212173","42.7287390029326","25.4853372434018","619.50146627566","654.25219941349","0.574899138147583","0.215798148412106","60.7434017595308","28.1935483870968","0.042247978822351","0.0658756351825659",4225,4462,36,168,"0","0",NA,"0",NA,0,0,"11.0630498533724","0","58.2111436950147","0","0.970885796333112",NA,"11.0630498533724","0","0.0141458836149102",NA,397,0,1,0,"82681","CAPELA DO SOCORRO","Linear","0.01","0","0","0.02","0.02","0.27","0.1","0.21","0.09","0.41","0.56","0",161,"73840.197","11.7846026780143","493680.575387374","2095.43132044375","4.38070288415441","0",23,"-0.321666531996267","8.48566653330858","23.874193766652","11.4157653428733","72.9966771436227","3.45163515443289","3028.89837331301","-0.019638674519579","0.574899138147583"
"DO CORDEIRO - MARTIN LUTHER KING","0.987044013324067","2.11859838274933","0.548218733275424","SANTO AMARO","10.3056127267334","931.486012829839","0.280693857200817","9.00431034482759","0.51742052627607","61.2856292573243","3.22068646253555","931.486012829839","931.486012829839","0.514228147090834","0.237245617221279","86.8361880827988","13.1638119172012","0.222840409956076","0.23063178047224",2817,2817,32,172,"0","0",NA,"0",NA,0,0,"0","0","0","0",NA,NA,"0","0",NA,NA,0,0,0,0,"20883","SANTO AMARO","Urbano","0.14","0.14","0.35","0.08","0.07","1.72","0.39","0.32","0.37","1.09","0.94","0.66",89,"191885.349","10.8861337719185","297466.326851115","2364.30557540059","4.13182985297825","0",71,"0.590886050957288","41.7328169369067","39.3685908196938","0.627311805731473","95.6885364424576","55.926599971254","12509.4645099667","0.539499289218466","0.514228147090834"
"DOS EUCALIPTOS","0.986787038144207","1.58687258687259","0.554957039724929","CAMPO LIMPO","9.70553551290538","161.339421613394","0.190509150916244","2.44552529182879","0.510713672793018","99.0380517503805","0.389649923896499","161.339421613394","161.339421613394","0.980031146902727","0.165836588541667","99.0380517503805","0.961948249619483","0.521212121212121","0.46551724137931",265,265,1,32,"0","0",NA,"0",NA,0,0,"0","0","0","0",NA,NA,"0","0",NA,NA,0,0,0,0,"16730","CAMPO LIMPO","Urbano","0.06","0.05","0.2","0.06","0.06","1.29","0.36","0.2","0.12","0.69","0.6","0.33",41,"19314.349","27.3677195262966","451081.595162302","582.413020968437","3.86231054031228","0",17,"-0.362242174539349","8.02434181936222","24.4591800767095","12.6893070246392","68.8148285824182","3.09312828261178","2987.93450431818","-0.056558375899464","0.980031146902727"
"ECOLOGICO DO GUARAPIRANGA","0.997599404648629","3.32933375434165","0.866197063438147","JARDIM ANGELA","14.4217816811788","179.104956816483","0.340227343596322","13.79096140826","0.553631602297188","1.51025350536411","0.327167317209652","146.108438100567","118.748939332089","0.429601599912153","0.276139431282779","6.63517151860125","2.42933085041486","0.0720189352065234","0.155230446861163",31855,25890,578,1110,"49.3701123275985","44.0137049760805","0.917573298147671","68.1965664173046","0.00493594182204348",9596,6,"15.6990776202511","0","49.3388312242286","0","0.825536034207638",NA,"22.7389312136793","0","0.0112714407345424",NA,10757,0,33,0,"3300000","M BOI MIRIM","Urbano","0.12","0.14","0.17","0.07","0.07","1.32","0.26","0.28","0.37","0.91","0.89","0.64",10,"89526.012","8.41061510927201","14275801.7114522","52365.8853058815","4.66972606644589","23629173",43,"-0.668929580125923","2.34948225657424","11.201986463817","21.0001268549488","54.208665647611","0.150363606191417","1771.99892519733","-0.200588544864371","0.673587449029912"
"ECOLOGICO PROFESSORA LYDIA NATALIZIO DIOGO","0.992286662761179","1.83950617283951","0.754258678624731","VILA PRUDENTE","11.0774975060868","1412.74785383271","0.36176496618514","14.8929961089494","0.544096017689679","64.763351819494","4.14495175871762","1412.74785383271","1412.74785383271","0.524062113528891","0.310189487874735","75.7213401200334","24.2786598799666","0.157247962870177","0.177921463491563",9298,9298,109,343,"0","0",NA,"0",NA,0,0,"0","0","0","0",NA,NA,"0","0",NA,NA,0,0,0,0,"80253","VILA PRUDENTE","Urbano","0.09","0.1","0.09","0.04","0.03","0.79","0.25","0.18","0.31","0.75","0.86","0.3",156,"64126.959","12.2785915125068","629311.581142634","8246.17327485979","4.16023482684014","0",93,"0.023620877684968","16.1764195469895","39.2577709512414","3.81035199396572","83.458442215637","9.83354665651938","5041.85393571774","0.183385189032872","0.524062113528891"
"ERMELINO MATARAZZO (DOM PAULO EVARISTO ARNS)","0.979035450782797","1.36666666666667","0.433309333500335","ERMELINO MATARAZZO","8.34941128540376","809.356725146199","0.325706349827161","5.10687022900763","0.531048058960658","43.906432748538","5.16959064327485","809.356725146199","809.356725146199","0.592178004709218","0.228807566233685","87.2046783625731","12.7953216374269","0.288223812621991","0.218720152817574",346,346,8,22,"0","0",NA,"0",NA,0,0,"0","0","0","0",NA,NA,"0","0",NA,NA,0,0,0,0,"5556","ERMELINO MATARAZZO","Urbano","0.1","0.07","0.01","0.02","0.02","0.6","0.3","0.21","0.12","0.63","0.67","0.58",110,"110111.357","10.9938428308076","46020.2260897607","6828.4748191461","5.03448268161256","0",28,"-0.349387414498952","6.70222044641001","26.2579024993249","10.5089246720083","66.6701194723692","0.237810613240979","2807.59642037274","-0.020885153769035","0.592178004709218"
"GUABIROBEIRA","0.996907377466165","1.42718446601942","0.49964764869745","IGUATEMI","12.1046358433499","894.960529431359","0.264778542276027","13.7177177177177","0.537567186815706","4.2885866446204","2.28275134143747","627.555955099469","789.250841784624","0.335497619912197","0.235194839667854","14.6705301136158","13.2903645258515","0.110302913635926","0.166104937147021",15637,19666,298,740,"71.977300911415","373.114261978625","0.40105434135419","72.0391053605326","0.0299085200295187",9297,6,"0","0","0","0",NA,NA,"0","0",NA,NA,0,0,0,0,"264720","SAO MATEUS","Urbano","0","0.01","0.01","0.08","0.03","0.68","0.32","0.15","0.12","0.6","0.73","0.24",75,"1476997.686","10.496365726188","2345906.25070585","16087.2648123205","3.87303629679062","0",33,"-0.582792385656508","2.32305014498675","15.6388328593049","18.1895294289276","58.138961857725","0","2026.74103223555","-0.144435296348216","0.368275980633194"
"GUANHEMBU","0.990718699326611","2.11742424242424","0.546809558807765","CIDADE DUTRA","10.8851758518566","1167.67238207374","0.372884364166041","12.634903640257","0.537614787927216","46.5505188019722","7.41040547501656","1167.67238207374","1167.67238207374","0.501255145517084","0.309910018597605","72.7261019942601","27.2738980057399","0.118923095209794","0.150649527307352",6347,6347,104,212,"0","0",NA,"0",NA,0,0,"0","0","0","0",NA,NA,"0","0",NA,NA,0,0,0,0,"28397","CAPELA DO SOCORRO","Urbano","0.12","0.07","0.13","0.08","0.03","1.11","0.27","0.22","0.15","0.65","0.73","0.6",157,"34394.604","11.4089992984812","471294.352020959","2581.16701930761","4.04888944205116","0",23,"-0.321666531996267","8.48566653330858","23.874193766652","11.4157653428733","72.9966771436227","3.45163515443289","3028.89837331301","-0.019638674519579","0.501255145517084"
"GUARAPIRANGA","0.995331907823055","1.50586701434159","0.646059363447414","JARDIM SAO LUIS","11.803072867463","234.773514701802","0.216494222569476","4.64666666666667","0.505840974113623","86.3283556605317","0.468835594510568","234.702371212498","203.043518472407","0.844617368802743","0.207952464938182","86.3511215771089","1.86538228953977","0.0569005776084552","0.306166115541723",3299,2854,2,237,"11.7834961333514","31.8011397186986","0.984644488719837","11.7834961333514","0.00571984909334307",447,1,"0","0","0","0",NA,NA,"0","0",NA,NA,0,0,0,0,"146831","MBOI MIRIM","Urbano","0.12","0.1","0.23","0.08","0.08","1.37","0.42","0.3","0.32","1.05","0.65","0.61",31,"38365.405","20.9925194624825","2915839.96081936","2777.9583093524","3.9530099541583","0",46,"-0.41904695123217","5.58557540463452","22.0277768805798","13.0303082110638","66.5219547466663","1.62719859655343","2476.68143793454","-0.077200057086377","0.91463092876129"
"IBIRAPUERA","0.998236842896474","1.6971736204576","0.509831922249818","MOEMA","13.6841125790213","961.49465081907","0.350089364382255","37.5990466101695","0.531675688951697","58.9082127013448","3.60801776738329","961.49465081907","961.49465081907","0.624324269923418","0.286127613875863","78.2686228145681","21.7313771854319","0.13134833854815","0.136417160322254",85676,85676,727,3117,"0","0",NA,"0",NA,0,0,"0","0","0","0",NA,NA,"0","0",NA,NA,0,0,0,0,"1241744","VILA MARIANA","Urbano","0.09","0.14","0.25","0.08","0.07","1.38","0.26","0.3","0.27","0.84","1.09","0.69",35,"33447.481","13.882804796054","10097498.4161547","741399.89301799","8.98279200189821","147509036",32,"0.914612237959202","54.7022721204846","47.6670124589782","0.416766431014887","97.8723591297418","87.6981276720177","17071.6458190396","0.661784129890549","0.624324269923418"
"INDEPENDENCIA","0.994293868519007","1.35099337748344","0.597596993847791","IPIRANGA","11.1238791724493","305.257948061022","0.371951865798678","10.66","0.520679715925023","79.0657389076511","3.37865377896821","305.257948061022","305.257948061022","0.681355287334829","0.277206320447895","83.2610341213462","16.7389658786538","0.10419506874927","0.14379142342975",2097,2097,64,209,"0","0",NA,"0",NA,0,0,"0","0","0","0",NA,NA,"0","0",NA,NA,0,0,0,0,"90973","IPIRANGA","Urbano","0.13","0.1","0","0.07","0.03","1","0.36","0.26","0.35","1","0.82","0.34",21,"90985.231","15.4307401343332","904542.271304548","71788.671354264","17.4018549616665","0",34,"0.107142989708785","21.9766096408885","40.8532231704332","4.14155446021934","85.3362272772076","14.1013816074177","5870.03973728824","0.235495870959811","0.681355287334829"
"JACINTHO ALBERTO","0.987436133679538","2.02902374670185","0.82184859649569","PIRITUBA","10.2656192531412","1443.82273179774","0.298003345211858","11.0555555555556","0.544926837578167","70.9725035185884","3.09292506264804","1443.82273179774","1443.82273179774","0.587081973079041","0.257409325128381","82.5924273111119","17.4075726888881","0.22271612507664","0.252425242524252",4206,4206,33,235,"0","0",NA,"0",NA,0,0,"0","0","0","0",NA,NA,"0","0",NA,NA,0,0,0,0,"35814","PIRITUBA/JARAGUA","Urbano","0.09","0.07","0.14","0.06","0.05","1.32","0.28","0.17","0.37","0.83","0.74","0.56",92,"27606.279","7.63011057969499","192101.386537336","2745.63744139671","4.69050393583012","0",63,"-0.133361058263797","14.1179785581966","30.5290874612276","6.8570088504185","77.4901145951026","7.46208785728048","3957.92678367683","0.109623244550467","0.587081973079041"
"JARDIM DA CONQUISTA","0.989951765192455","3.56333333333333","0.613562401901263","SAO RAFAEL","11.912190039913","1160.10300860499","0.344647222406823","18.8249701314217","0.529314964612985","7.27626747977228","9.87603565331095","1129.44024758609","1088.84206679571","0.419562474384753","0.280233070091932","24.8145673809891","46.8820482952761","0.122891594122475","0.078961842137427",19780,19069,370,460,"17.9499917204835","101.923702828169","0.981936166745364","28.3033843237348","0.00939304894112879",1785,3,"0","0","0","0",NA,NA,"0","0",NA,NA,0,0,0,0,"85694","SAO MATEUS","Urbano","0.09","0.05","0.11","0.08","0.03","0.97","0.22","0.16","0.03","0.41","0.79","0.47",60,"34382.382","5.94746776526435","632963.717519083","37103.5584389156","5.14251913216946","0",75,"-0.589927327888117","2.86914262970168","18.7811416582184","18.3853408114897","51.6241507432994","0","2085.67521366948","-0.140227347311538","0.700749320565059"
"JARDIM DAS PERDIZES","0.950035915437863","1.74883720930233","0.676435781526774","BARRA FUNDA","10.3959650714186","1243.87884650263","0.430285909262675","14.0590659340659","0.502338552823558","3.58805392660661","14.6786772262862","1243.87884650263","1243.87884650263","0.443959061613292","0.398874613322071","19.3851641375975","80.6148358624025","0.197710225029609","0.245928626021518",4115,4115,255,111,"0","0",NA,"0",NA,0,0,"0","0","0","0",NA,NA,"0","0",NA,NA,0,0,0,0,"45967","LAPA","Urbano","0.13","0.1","0.19","0.06","0.08","1.43","0.37","0.2","0","0.58","1.05","0.63",6,"305166.138","6.12336818025102","47064.2078334093","0",NA,"0",6,"0.415016650369291","38.574122138067","45.4999163246981","3.87560375755193","90.0527213837374","42.8302495488732","8919.48695859987","0.390276250635983","0.443959061613292"
"JARDIM FELICIDADE","0.985653376353999","2.07430340557276","0.815282706560963","PIRITUBA","10.0048239356031","740.293973104588","0.28665965522129","7295","0.533127368027213","60.313630880579","9.31957289013984","740.293973104588","740.293973104588","0.521875240399528","0.269018486332922","87.0482062279409","12.9517937720592","0.226314384841206","0.163971880492091",1657,1657,6,80,"0","0",NA,"0",NA,0,0,"0","0","0","0",NA,NA,"0","0",NA,NA,0,0,0,0,"26039","PIRITUBA/JARAGUA","Urbano","0.1","0.03","0.27","0.05","0.05","1.42","0.32","0.26","0.26","0.86","0.7","0.49",74,"290947.029","10.5315653512197","211976.714498013","2257.83444285393","4.19087599601657","937809",63,"-0.133361058263797","14.1179785581966","30.5290874612276","6.8570088504185","77.4901145951026","7.46208785728048","3957.92678367683","0.109623244550467","0.521875240399528"
"JARDIM HERCULANO","0.992213342507079","1.92545454545455","0.682464536439328","JARDIM ANGELA","11.0354978925874","113.545498160883","0.273716729063528","2.93795620437956","0.524927426226725","10.7161895623434","0.0679673756596834","110.746841516072","76.0968068660376","0.704614931481996","0.215754354079835","11.398528706221","0.546404392558239","0.032799479936174","0.419768934531451",831,571,6,57,"88.0550669012207","40.2473479396556","0.992182888623189","88.0550669012207","0.0225203119035934",302,1,"0","0","0","0",NA,NA,"0","0",NA,NA,0,0,0,0,"75561","MBOI MIRIM","Urbano","0.12","0.14","0.08","0.07","0.07","1.2","0.36","0.33","0.37","1.07","0.85","0.55",154,"137166.165","10.8895791265556","806618.349851787","2834.08882943913","6.47917666429124","0",43,"-0.668929580125923","2.34948225657424","11.201986463817","21.0001268549488","54.208665647611","0.150363606191417","1771.99892519733","-0.200588544864371","0.848398910052593"
"JARDIM PRAINHA","0.991188158720792","1.9835255354201","0.528324003338117","GRAJAU","11.2943784151103","2016.56956674459","0.292732367044101","18.9173913043478","0.525204921850087","38.2044791124139","12.3012075919623","1965.3347222054","1978.90044936471","0.370575281256017","0.225957890185503","65.6278388100919","30.4744370828842","0.132926959683456","0.176412943482261",16226,16338,378,506,"0","0",NA,"0",NA,0,0,"1.0452877266506","0","88.9039619190659","0","0.628368037686101",NA,"3.8977241070239","0","0.123695033217336",NA,734,0,13,0,"21772","CAPELA DO SOCORRO","Urbano","0.09","0.01","0.26","0.06","0.01","0.94","0.32","0.24","0.32","0.89","0.64","0.56",163,"50116.722","7.28292729505781","405910.311326399","9589.4676835835","4.85035994616167","0",30,"-0.614252098375229","2.70407708534811","13.1047847469642","17.8520599070898","53.2234066180632","0.193171757695639","2018.6599727649","-0.150317547305354","0.370575281256017"
"JARDIM SAPOPEMBA","0.985535978140616","2.66037735849057","0.907126817944042","SAO MATEUS","10.4303824486705","1688.70627043607","0.422442259503927","16.0672043010753","0.523530230032122","9.59229144361816","19.4102838623803","1688.70627043607","1688.70627043607","0.549051126351866","0.297322908736552","49.1680893544373","50.8319106455627","0.116982474868784","0.130061457935131",5836,5836,168,170,"0","0",NA,"0",NA,0,0,"0","0","0","0",NA,NA,"0","0",NA,NA,0,0,0,0,"44899","SAO MATEUS","Urbano","0.05","0.02","0.2","0.08","0.02","0.97","0.3","0.12","0.12","0.55","0.76","0.57",100,"7985987.521","5.41472045936823","103235.7065982","1647.53841480613","4.15782565250758","0",73,"-0.36561836565372","5.73435158689004","24.8440595513466","11.7021915842885","70.7433464985509","0.565854378230847","2684.27709300146","-0.052909154884619","0.549051126351866"
"JULIANA DE CARVALHO TORRES - COHAB RAPOSO TAVARES","0.972934284707541","3.06072874493927","0.923382801663752","RAPOSO TAVARES","9.55501277498199","892.041862751984","0.348085040384773","6.20083682008368","0.565041855684015","58.3971342277165","2.96410760693966","892.041862751984","892.041862751984","0.73597141442964","0.284612724631977","90.7143358853691","9.28566411463089","0.296247005589566","0.273434461299105",1270,1270,9,55,"0","0",NA,"0",NA,0,0,"0","0","0","0",NA,NA,"0","0",NA,NA,0,0,0,0,"15142","BUTANTA","Urbano","0.06","0.05","0.01","0.02","0.04","0.63","0.18","0.26","0.1","0.55","0.72","0.59",112,"15584.63","17.7053334694123","235308.308141857","46.2908816039562","2.73301100903663","0",65,"-0.332362837306885","7.77161259396413","24.8232298070335","12.2523014784854","73.9617545465404","2.06331720378999","2966.01000185962","-0.033971019968326","0.73597141442964"
"JUVENTUDE - DOM PAULO EVARISTO ARNS","0.995702181874626","1.63412017167382","0.721711566019466","SANTANA","11.8747050148429","846.644604414725","0.469609134054773","17.7258485639687","0.523982182968988","42.0483777421446","8.87994268363413","846.644604414725","846.644604414725","0.634817067070035","0.329627562068788","59.1955238647607","40.8044761352393","0.0665938268232723","0.0853734300490295",12408,12408,283,334,"0","0",NA,"0",NA,0,0,"0","0","0","0",NA,NA,"0","0",NA,NA,0,0,0,0,"240000","SANTANA-TUCURUVI","Urbano","0.13","0.1","0.16","0.08","0.01","0.97","0.35","0.16","0","0.51","0.78","0.51",15,"5766.869","11.8555513345906","1102447.71860358","159043.275477231","9.50283415600623","3135123",70,"0.333615752097849","32.6764362903479","35.2337420552747","1.15666454094421","92.7774325372629","29.1495474234972","8872.98767452749","0.41932507213834","0.634817067070035"
"LAJEADO - IZAURA PEREIRA DE SOUZA FRANZOLIN","0.987301699383326","1.24267782426778","0.560847091267916","LAJEADO","9.5262315534566","472.418053637619","0.250240509396238","3.32340425531915","0.524305999721311","96.8675049058798","0.363398502798168","472.418053637619","472.418053637619","0.969037615046018","0.237404846795349","96.8675049058798","3.13249509412021","0.364306784660767","0.413414634146341",650,650,1,56,"0","0",NA,"0",NA,0,0,"0","0","0","0",NA,NA,"0","0",NA,NA,0,0,0,0,"14164","GUAIANASES","Urbano","0.11","0.07","0.15","0.04","0.04","1.1","0.3","0.31","0.23","0.85","0.67","0.57",30,"103105.657","11.1953249958437","152141.667862266","447.249114722014","4.36151735736552","0",96,"-0.597083076415018","2.14486443116044","17.9367651054748","19.627516318603","56.8931458032163","0.220572676764296","1860.70643038515","-0.165191203048749","0.969037615046018"
"LINA E PAULO RAIA","0.986814786275391","1.38","0.545050826593568","JABAQUARA","9.54142935523249","147.090478582191","0.192689867634853","3.55907172995781","0.471141974464656","99.1748582908804","0.215254358900768","147.090478582191","147.090478582191","0.482775044614865","0.166318487909397","99.1820334361771","0.817966563822917","0.72463768115942","0.427184466019417",205,205,2,22,"0","0",NA,"0",NA,0,0,"0","0","0","0",NA,NA,"0","0",NA,NA,0,0,0,0,"15583","JABAQUARA","Urbano","0.12","0.02","0.12","0.01","0.05","1.03","0.33","0.3","0","0.63","0.59","0.54",32,"75562.112","15.332720437104","218115.614578024","8275.55967739224","5.03783010443052","0",38,"-0.09476709186651","17.6571624661182","31.6164589855447","8.89902932687021","76.2858700296098","16.0828488050077","4706.92852958577","0.11318247857462","0.482775044614865"
"LINEAR ARICANDUVA (VIADUTO BADRA)","0.585860471501804","6.70058708414873","0.681082227947638","CARRAO","10.6037308121259","1355.56042991884","0.452980798134106","17.756157635468","0.552513426684226","8.02807633252906","19.3024786137311","1355.56042991884","1355.56042991884","0.591882137165585","0.332682317008629","40.0404572152763","59.9595427847238","0.12938253427809","0.136656244252345",5562,5562,194,224,"0","0",NA,"0",NA,0,0,"0","0","0","0",NA,NA,"0","0",NA,NA,0,0,0,0,"6106","ARICANDUVA/VILA FORMOSA","Linear","0.14","0","0.05","0.07","0","0.4","0.08","0.13","0","0.21","0.12","0",138,"46149.35","6.24395149088727","115146.270431325","1492.65514096618","4.52971815071832","5229491",20,"0.023589947995821","18.1494896536009","30.6471404558842","2.63554819310561","85.2033265175631","11.7182987918619","5320.92555085215","0.218026016018335","0.591882137165585"
"LINEAR DO CORREGO AGUA VERMELHA","0.976602128875913","2.37298091042584","0.880842367422397","VILA CURUCA","11.3729766039732","1239.40282289556","0.359149796830152","23.2672268907563","0.556733355094374","3.67293347972246","15.7353224145152","1239.40282289556","1239.40282289556","0.479398148420384","0.275566317301024","32.3082321248684","67.6917678751316","0.138325991189427","0.157111429372942",10950,10950,269,387,"0","0",NA,"0",NA,0,0,"0","0","0","0",NA,NA,"0","0",NA,NA,0,0,0,0,"110976","ITAIM PAULISTA","Linear","0.04","0","0.05","0.08","0","0.42","0","0.06","0.06","0.12","0.4","0",22,"116113.307","5.73292827261612","206398.316902794","18495.5965815037","3.64414712882943","5295066",84,"-0.479970902261723","3.91067327033041","21.4845927521963","15.9407684789799","66.1478097723867","0.216327293618272","2162.05949066366","-0.122892259470799","0.479398148420384"
"LINEAR DO CORREGO DO BANANALCANIVETE","0.978326700960885","4.38546255506608","0.905778337072634",NA,"10.4314896538459","1045.37405289285","0.5040731767625","16.4959677419355","0.547227000772464","13.1883763462711","23.348912822597","1045.37405289285","1045.37405289285","0.633317616241264","0.374828737283737","31.1957499927425","68.8042500072575","0.116989287727871","0.186617719411119",3601,3601,131,131,"0","0",NA,"0",NA,0,0,"0","0","0","0",NA,NA,"0","0",NA,NA,0,0,0,0,NA,NA,NA,"0.13","0.03","0.06","0.09","0.01","0.54","0.3","0.26","0.05","0.61","0.58","0.12",111,"146835.48",NA,NA,NA,NA,"0",NA,NA,NA,NA,NA,NA,NA,NA,NA,"0.633317616241264"
"LINEAR DO CORREGO RAPADURA","0.934999655247129","4.75097276264591","0.694869693414578","VILA FORMOSA","9.63851451243283","1070.27724049001","0.26256616121562","9008","0.542884634962499","62.0438426821405","3.34622823984526","1070.27724049001","1070.27724049001","0.50093673094028","0.236605010057489","87.7949709864604","12.2050290135397","0.320896860986547","0.262574364521363",1660,1660,11,101,"0","0",NA,"0",NA,0,0,"0","0","0","0",NA,NA,"0","0",NA,NA,0,0,0,0,"764","ARICANDUVA/VILA FORMOSA","Linear","0.01","0.09","0.07","0.07","0","0.46","0.28","0.3","0.1","0.69","0.54","0.18",37,"66860.62","8.36513329227816","116149.875763282","694.140849262476","5.14860557739551","878163",85,"-0.058817668038981","14.6736966342217","34.4521680570405","5.00164035555027","80.7788071282911","7.64108725570901","4402.21592807941","0.150255947592472","0.50093673094028"
"LINEAR DO RIBEIRAO CAULIM","0.992731022403028","2.19359534206696","0.596292821274298","CIDADE DUTRA","11.4234254482176","191.431412390299","0.300725094169092","3.50367107195301","0.533737612312855","2.68643811335437","2.37862608620466","174.657386191691","145.173144265272","0.460697925922033","0.200341076535268","4.84285158445376","4.54282132203536","0.115273253709736","0.0932162501206214",2020,1679,49,85,"90.6143270935109","63.032294323635","0.994697837150127","90.6143270935109","0.014078110808356",729,1,"0","0","0","0",NA,NA,"0","0",NA,NA,0,0,0,0,"117998","CAPELA DO SOCORRO","Linear","0.1","0","0.08","0.03","0","0.5","0.18","0.21","0.2","0.6","0.64","0.18",20,"104320.4","9.73171832441712","1078770.70797996","1255.63842147589","4.03121463580407","0",23,"-0.321666531996267","8.48566653330858","23.874193766652","11.4157653428733","72.9966771436227","3.45163515443289","3028.89837331301","-0.019638674519579","0.72769788153608"
"LINEAR FEITICO DA VILA","0.976706108342077","3.88520408163265","0.82233062559812","CAPAO REDONDO","10.3953352849917","790.461603147431","0.35879367312307","9.93150684931507","0.552622489554207","29.1888158092321","4.43883833378383","790.461603147431","790.461603147431","0.493978095893401","0.308725368393318","73.5021173078656","26.4978826921344","0.103945564413751","0.137071829533738",2632,2632,50,135,"0","0",NA,"0",NA,0,0,"0","0","0","0",NA,NA,"0","0",NA,NA,0,0,0,0,"11704","CAMPO LIMPO","Linear","0.14","0.09","0.1","0.12","0.06","0.77","0.39","0.52","0.06","0.98","0.87","0.09",94,"15141.439","10.3348569384919","256015.076080322","991.138028264046","3.68267723915259","115235",19,"-0.484910294112885","4.70827348766307","17.5585850347109","14.3926878758945","64.2572818489953","0.681044436526038","2379.20045388333","-0.11440817898436","0.493978095893401"
"LINEAR FOGO","0.986547241661184","2.18579234972678","0.845611128810879","JARAGUA","9.72162784711492","1832.07003936777","0.375732764046567","12.6704980842912","0.526658432750136","7.05094306363476","14.6248310711558","1832.07003936777","1832.07003936777","0.621914289658235","0.242924309440273","54.3803983782831","45.6196016217169","0.123305559010073","0.163702690378477",3118,3118,82,152,"0","0",NA,"0",NA,0,0,"0","0","0","0",NA,NA,"0","0",NA,NA,0,0,0,0,"33447","PIRITUBA/JARAGUA","Linear","0.21","0","0","0.02","0","0.43","0.44","0.26","0","0.71","0.66","0.12",97,"14168.318","5.52472173529253","56122.8857479691","629.51185464859","2.95198993973547","162515",42,"-0.439375791670158","5.26335990337178","20.3908029516571","13.1141113946842","65.805905650508","0.903329250256096","2357.25269217842","-0.083484286665694","0.621914289658235"
"LINEAR GUARATIBA","0.984383231730263","2.02684563758389","0.818402678511972","GUAIANASES","9.38910057620943","1730.22948654449","0.418573209912855","14.0452488687783","0.531411118746313","1.62621759947169","12.9932309724286","1730.22948654449","1730.22948654449","0.434729623705647","0.382780539356516","24.3519894337131","75.6480105662869","0.23432913141081","0.297116988324994",2096,2096,144,65,"0","0",NA,"0",NA,0,0,"0","0","0","0",NA,NA,"0","0",NA,NA,0,0,0,0,"22141","GUAIANASES","Linear","0.19","0","0.08","0.1","0.04","0.7","0.4","0.13","0.44","0.98","1.25","0.52",68,"132968.95","4.07404463161937","16818.6747504827","2731.71185654402","4.52083054454947","0",31,"-0.542193937197807","3.30310564661022","18.9182935052984","17.7567760207712","61.0184947409795","0","2126.87155845242","-0.144097256760072","0.434729623705647"
"LINEAR IPIRANGUINHA","0.948610704108244","4.6294964028777","0.646215929942578","ARICANDUVA","9.61146918802666","1563.40436727177","0.400773378617158","11.0425101214575","0.54926035258174","23.6450933964746","3.01894238358327","1563.40436727177","1563.40436727177","0.609986916064442","0.309242455983971","73.6319389634307","26.3680610365693","0.194008845999196","0.208718793562286",2377,2377,49,112,"0","0",NA,"0",NA,0,0,"0","0","0","0",NA,NA,"0","0",NA,NA,0,0,0,0,"381","ARICANDUVA/VILA FORMOSA","Linear","0.03","0","0.05","0.07","0","0.38","0.08","0.08","0","0.16","0.83","0.06",51,"171277.911","7.21790813551001","86625.7244883234","1560.90304532647","6.57238796933905","0",4,"-0.211815761859224","9.21512734135541","26.5184371682499","7.23139907653979","78.0201836208327","3.97402642621945","3611.96733782783","0.056510227717915","0.609986916064442"
"LINEAR ITAIM PAULISTA","0.942032048627259","8.29779411764706","0.728386262667802","ITAIM PAULISTA","10.4679675458294","1821.24648260106","0.374914740771902","28.4208443271768","0.562887295885832","3.6553088345917","4.22645083999666","1821.24648260106","1821.24648260106","0.460796389882259","0.307675693541598","52.132727829939","47.867272170061","0.171395782527614","0.220798263878706",6537,6537,321,410,"0","0",NA,"0",NA,0,0,"0","0","0","0",NA,NA,"0","0",NA,NA,0,0,0,0,"224","ITAIM PAULISTA","Linear","0.02","0","0.01","0.07","0","0.3","0.04","0.04","0.04","0.12","0.39","0",118,"27792.245","4.6813823833122","138077.373395793","27684.4004999883","4.84496927353199","12581111",36,"-0.557912314429747","3.17775237001221","18.2914129642375","19.1331269886137","63.3876189520326","0.220421100091185","1918.16608519972","-0.167160828435478","0.460796389882259"
"LINEAR MONGAGUA","0.969042992832245","6.31026785714286","0.726528976437642","ERMELINO MATARAZZO","10.5107153466368","1577.4302033844","0.410563285707132","20.4819587628866","0.569156265847119","11.1407676293172","5.03656648694817","1577.4302033844","1577.4302033844","0.547733891207253","0.321402392132053","58.5864517162227","41.4135482837773","0.132263296236228","0.182736664284322",5910,5910,169,260,"0","0",NA,"0",NA,0,0,"0","0","0","0",NA,NA,"0","0",NA,NA,0,0,0,0,"15286","ERMELINO MATARAZZO","Linear","0.19","0","0","0.08","0.01","0.44","0.25","0.17","0","0.43","0.83","0.06",102,"121228.17","7.88636567470515","192498.299753878","7362.00547802448","5.16499432687103","3769029",28,"-0.349387414498952","6.70222044641001","26.2579024993249","10.5089246720083","66.6701194723692","0.237810613240979","2807.59642037274","-0.020885153769035","0.547733891207253"
"LINEAR MUNICIPAL PARELHEIROS","0.982211950907786","2.33695652173913","0.874690061037928","PARELHEIROS","9.47918450548999","1138.18072107407","0.322224596591113","7.5995670995671","0.562285847916644","68.2757580328858","3.7411374264595","1138.18072107407","1138.18072107407","0.517167526270942","0.293496164848823","83.9493136219641","16.0506863780359","0.215339233038348","0.249339418688446",1509,1509,14,95,"0","0",NA,"0",NA,0,0,"0","0","0","0",NA,NA,"0","0",NA,NA,0,0,0,0,"19053","PARELHEIROS","Linear","0.18","0","0.07","0.08","0.05","0.58","0.5","0.45","0.61","1.57","1","0.41",40,"51519.059","7.80618643725045","96209.2962925024","1737.61570197344","4.12559749049452","0",55,"-0.771254034953909","2.6367367421976","14.0035732752553","24.5754800995039","35.1786980003637","0","1721.26646912643","-0.220710454943869","0.517167526270942"
"LINEAR RIBEIRAO COCAIA","0.989974717108352","2.10848126232742","0.564450579941753","GRAJAU","10.7582741704794","1131.18682921746","0.384509141475297","12.7334851936219","0.526569719495161","49.2403876211316","10.4136709388351","1131.18682921746","1131.18682921746","0.502135767433107","0.335270088748772","52.695634052308","47.304365947692","0.0639798162763617","0.10457690260777",5428,5428,72,172,"0","0",NA,"0",NA,0,0,"0","0","0","0",NA,NA,"0","0",NA,NA,0,0,0,0,"41293","CAPELA DO SOCORRO","Linear","0.2","0","0.1","0.09","0.08","0.76","0.44","0.45","0","0.9","0.46","0.35",135,"69306.132","7.45757975899176","203289.895440236","3046.2913236022","4.13901868023645","1945051",30,"-0.614252098375229","2.70407708534811","13.1047847469642","17.8520599070898","53.2234066180632","0.193171757695639","2018.6599727649","-0.150317547305354","0.502135767433107"
"LINEAR RIBEIRAO ORATORIO","0.990208454716126","1.52840909090909","0.68979013202549","SAPOPEMBA","9.94570409112749","562.401865156778","0.41937701436747","9.02068965517241","0.543937506570316","3.65418470761764","40.985868582576","562.401865156778","562.401865156778","0.482719366602425","0.365779639399431","12.6516629395251","87.3483370604749","0.129842731108554","0.288371470627593",1182,1182,33,39,"0","0",NA,"0",NA,0,0,"0","0","0","0",NA,NA,"0","0",NA,NA,0,0,0,0,"30897","SAPOPEMBA","Linear","0.15","0","0.01","0.11","0.06","0.65","0.58","0.39","0.12","1.09","1","0.33",80,"16729.836","3.58994867027259","13104.2101336625","698.199223637581","4.14013202949329","1378011",76,"-0.396887076648056","4.09636768324093","24.1705793644192","11.3868625288567","67.9934307974551","0.229129564342465","2276.15217864537","-0.062748381547136","0.482719366602425"
"LINEAR RIO VERDE","0.989787933328116","1.80867346938776","0.637918667557956","ITAQUERA","10.146637656066","1400.34863451482","0.372091835136399","10.3276397515528","0.511512997676239","4.43927948866938","54.1506875847376","1400.34863451482","1400.34863451482","0.436382162176053","0.252031585845478","22.1925237265156","77.8074762734844","0.174420661595613","0.192131424945357",3615,3615,155,83,"0","0",NA,"0",NA,0,0,"0","0","0","0",NA,NA,"0","0",NA,NA,0,0,0,0,"38325","ITAQUERA","Linear","0.18","0","0.06","0.1","0.02","0.56","0.07","0.26","0","0.33","0.56","0.52",93,"44909.262","4.79213831071131","32526.638783953","10557.0654940605","5.29640812445028","0",37,"-0.380863269166888","7.17691461337721","23.2493237170716","12.8150493348983","69.1981947332557","1.18850037147998","2738.8541898423","-0.052363550120822","0.436382162176053"
"LINEAR SAO JOSE","0.98986217038034","1.44207317073171","0.541244778983847","CIDADE DUTRA","9.93351628359772","1240.85163007319","0.35164058240474","10.1288659793814","0.551040467322928","31.4608877483129","18.0353578557171","1237.5249500998","1237.5249500998","0.376706250695934","0.329507200047673","59.5665811234674","40.2765896777873","0.0883960141433623","0.129794214136594",2604,2604,72,96,"0","0",NA,"0",NA,0,0,"0.156829198745366","0","6.65335994677312","0","0.671717171717172",NA,"0.156829198745366","0","0.111111111111111",NA,14,0,1,0,"26754","CAPELA DO SOCORRO","Linear","0.21","0.03","0.09","0.09","0.05","0.75","0.2","0.3","0.04","0.56","0.75","0.06",167,"26882.189","7.16107163613777","96398.7658298686","1513.41127514839","4.23457020323342","322177",23,"-0.321666531996267","8.48566653330858","23.874193766652","11.4157653428733","72.9966771436227","3.45163515443289","3028.89837331301","-0.019638674519579","0.376706250695934"
"LINEAR SAPE","0.979333391535469","3.31536388140162","0.827750121156141","RIO PEQUENO","9.77648959815705","1351.1407902059","0.365883033261352","14.4646840148699","0.558476610201214","8.9259877573734","6.6110183639399","1351.1407902059","1351.1407902059","0.578757549441687","0.302566510500022","64.5019476905954","35.4980523094046","0.147819116959455","0.199714240355612",2428,2428,58,195,"0","0",NA,"0",NA,0,0,"0","0","0","0",NA,NA,"0","0",NA,NA,0,0,0,0,"34382","BUTANTA","Linear","0.18","0.06","0.06","0.06","0","0.51","0.51","0.13","0.1","0.74","0.83","0.33",72,"6476.544","7.740435142664","100447.626846351","3884.93754083291","4.04475277438646","322739",67,"-0.063329241264538","18.0135807845512","33.4397781759","8.03878203034079","77.3743005528072","13.1317842144452","4966.15331502216","0.152360934448431","0.578757549441687"
"LINEAR TIQUATIRA - ENGENHEIRO WERNER ZULAUF","0.989297628904751","3.90585533869116","0.902228983224911","CANGAIBA","11.9927236285741","1108.91863327856","0.288463085062747","21.2185185185185","0.525046709284947","29.6619850816477","2.32633437391182","1108.91863327856","1108.91863327856","0.433858297384569","0.254480639493399","84.2214904912304","15.7785095087696","0.209173441112081","0.224704873962676",18152,18152,219,937,"0","0",NA,"0",NA,0,0,"0","0","0","0",NA,NA,"0","0",NA,NA,0,0,0,0,"134819","PENHA","Linear","0.26","0.09","0.06","0.07","0.02","0.72","0.33","0.08","0.2","0.62","0.83","0.12",49,"76280.228","8.15936631151388","1158024.18328634","2301.82319879532","3.50420604830978","18616489",18,"-0.284347028922561","8.22339222219815","23.9360760280764","7.33087360419877","72.1463405972255","1.11992592088458","3003.68441147683","0.025481547448039","0.433858297384569"
"LIONS TUCURUVI","0.989804945254151","1.39473684210526","0.508135432766029","TUCURUVI","9.8161238016594","1052.54648342765","0.304074406727745","7.47435897435897","0.521349823314243","83.6809485313932","2.25815144165993","1052.54648342765","1052.54648342765","0.800447507213661","0.276999510337605","85.281595257343","14.718404742657","0.216805276742185","0.214299047974613",1953,1953,6,110,"0","0",NA,"0",NA,0,0,"0","0","0","0",NA,NA,"0","0",NA,NA,0,0,0,0,"22991","SANTANA/TUCURUVI","Urbano","0.12","0.07","0.12","0.08","0.02","1.21","0.36","0.2","0.37","0.94","0.8","0.6",66,"118530.618","8.74090101596621","142710.505662426","1531.67727702856","4.00962637965592","0",82,"0.051117116147838","21.2971835482573","30.6594345620364","1.98124481395893","85.1628847403999","12.5924281154752","5203.56357924285","0.238970330364059","0.800447507213661"
"LUIZ CARLOS PRESTES","0.98250011502296","1.75872093023256","0.474724153243929","BUTANTA","10.2375897856205","227.159082791628","0.292371289168055","3.61791044776119","0.549379038506729","84.970355025359","0.460747196228302","227.159082791628","227.159082791628","0.861024393790787","0.262958197549638","97.7962711622259","2.20372883777413","0.380210949271723","0.331081081081081",636,636,3,58,"0","0",NA,"0",NA,0,0,"0","0","0","0",NA,NA,"0","0",NA,NA,0,0,0,0,"25760","BUTANTA","Urbano","0.1","0.1","0.29","0.08","0.03","1.21","0.35","0.13","0.18","0.66","0.86","0.36",77,"137318.425","14.5912401770389","403093.953320831","2285.22756624222","4.15671299343562","0",12,"0.354137392558993","35.3065717334706","36.7111045266809","2.6543379147186","94.0410433378493","40.5153631475851","8096.94903902449","0.377808091021985","0.861024393790787"
"LUZ","0.995542599939857","1.20217729393468","0.351107599907865","BOM RETIRO","11.2904388668883","697.404202719407","0.274071755915553","10.6977152899824","0.507504059505186","86.6959208899876","1.44746600741656","697.404202719407","697.404202719407","0.571927984082655","0.24078194217923","88.0766378244747","11.9233621755253","0.195932146876172","0.18203718250851",5642,5642,38,340,"0","0",NA,"0",NA,0,0,"0","0","0","0",NA,NA,"0","0",NA,NA,0,0,0,0,"103094","SE","Urbano","0.07","0.05","0.11","0.05","0.05","1","0.29","0.25","0.37","0.91","0.93","0.75",18,"38843.506","15.7172734820588","1165738.38620919","109762.442005485","11.1208147928557","2359836",9,"-0.064461926205521","13.8597658357185","46.5160384089102","10.6733998685739","76.2398599307725","29.2227541199666","3448.13869869638","-0.003866085296259","0.571927984082655"
"MARIO PIMENTA CAMARGO","0.995133798995754","1.4692082111437","0.478180021525982","ITAIM BIBI","11.4021521843536","1035.65327843721","0.365717110006758","18.8479338842975","0.546878418764317","15.4581490079278","15.700144540318","1035.65327843721","1035.65327843721","0.585747587039765","0.289009237279655","48.969602733126","51.030397266874","0.0759051438456959","0.0869724995406382",9458,9458,190,545,"0","0",NA,"0",NA,0,0,"0","0","0","0",NA,NA,"0","0",NA,NA,0,0,0,0,"116106","PINHEIROS","Urbano","0.12","0.04","0.15","0.08","0.07","1.26","0.31","0.35","0.1","0.76","0.93","0.43",19,"16451.569","8.36261341864009","398971.9235899","15660.0839979351","4.63419796016058","0",35,"0.799842302788048","51.3094962665654","45.5714961475806","0.754599551369152","96.9430094087247","83.1786417300679","13916.6412339133","0.614216524886725","0.585747587039765"
"MBOI MIRIM","0.996103361274448","1.48059360730594","0.657681877325629","JARDIM ANGELA","11.8950069894243","249.239831756492","0.290224022188824","4.57364787111623","0.543759038534294","15.262165340566","0.598599383389662","236.579189930817","153.199063430345","0.31924905923417","0.262909118116188","22.2403508957801","2.34778094440972","0.0308647885301228","0.178350515463918",4466,2892,84,115,"75.4118681598101","108.701410151822","0.99333487873296","75.4118681598101","0.00951730613290086",2052,1,"0","0","0","0",NA,NA,"0","0",NA,NA,0,0,0,0,"191888","MBOI MIRIM","Urbano","0.09","0.08","0.09","0.05","0.03","1.1","0.27","0.37","0.27","0.92","0.89","0.32",47,"19153.746","19.8232310397424","3601345.85268313","1418.96095252037","4.55412950492524","3821481",43,"-0.668929580125923","2.34948225657424","11.201986463817","21.0001268549488","54.208665647611","0.150363606191417","1771.99892519733","-0.200588544864371","0.656291968983565"
"NABUCO","0.990582969456209","1.46857142857143","0.532481395348053","JABAQUARA","10.2838205509871","462.360832113309","0.227203853036282","4.11078717201166","0.50055378944061","95.8326240168874","1.1576044397535","462.360832113309","462.360832113309","0.494335844242482","0.211851439748569","96.1118109700044","3.88818902999557","0.297446939403261","0.3235559566787",1358,1358,5,87,"0","0",NA,"0",NA,0,0,"0","0","0","0",NA,NA,"0","0",NA,NA,0,0,0,0,"30466","JABAQUARA","Urbano","0.08","0.02","0.13","0.08","0.03","0.8","0.4","0.35","0.34","1.09","0.71","0.67",83,"48844.099","12.7172278413179","362943.323977292","2750.65370079875","4.33744898919292","0",38,"-0.09476709186651","17.6571624661182","31.6164589855447","8.89902932687021","76.2858700296098","16.0828488050077","4706.92852958577","0.11318247857462","0.494335844242482"
"NASCENTES DO RIBEIRAO COLONIA","0.995941262313024","1.01960784313725","0.382812295808885","PARELHEIROS","11.236963650144","806.389749862647","0.368504836512672","9.7403536977492","0.515280302637992","4.78712927736946","21.4560419625364","749.271771693947","693.190417448454","0.599146516837635","0.208166612007531","23.0576259238911","32.4888303772274","0.0870165433272229","0.0646268872238356",7228,6687,88,138,"20.7666870536038","170.317310582894","0.978573874216908","44.4535436988815","0.0117866223008518",1643,3,"0","0","0","0",NA,NA,"0","0",NA,NA,0,0,0,0,"110685","PARELHEIROS","Urbano","0.09","0.03","0","0.05","0.03","0.78","0.35","0.3","0.37","1.03","0.74","0.69",4,"110164.738","15.1944512428498","1008729.22911032","7651.8500264287","3.82927562939007","11051.77",55,"-0.771254034953909","2.6367367421976","14.0035732752553","24.5754800995039","35.1786980003637","0","1721.26646912643","-0.220710454943869","0.788860195527271"
"NOVE DE JULHO (ORLA DO GUARAPIRANGA)","0.995070672142724","3.37155669442665","0.614052759550303","CIDADE DUTRA","12.8582051298639","580.716840070828","0.324784167581839","17.6703422053232","0.520747289021424","4.04712581156619","13.9398428368072","508.384737347669","551.020171976807","0.40705041239359","0.246688208070292","18.4054532618885","30.4982235235571","0.0855482356504619","0.0575646879756469",21964,23806,498,583,"0","0",NA,"0",NA,0,0,"18.3438841760506","0","102.028770817179","0","0.976406236007607",NA,"51.0963232145544","0","0.0113843735085207",NA,4408,0,7,0,"608475","CAPELA DO SOCORRO","Linear","0.06","0","0.02","0.08","0.02","0.37","0.07","0.16","0.09","0.34","0.31","0.17",113,"29504.818","7.24221746883628","994144.623610258","8423.83544886112","4.32833136531975","3017893",23,"-0.321666531996267","8.48566653330858","23.874193766652","11.4157653428733","72.9966771436227","3.45163515443289","3028.89837331301","-0.019638674519579","0.40705041239359"
"PARQUE DAS AGUAS","0.985902403389402","2.52757352941176","0.599512732423126","ITAIM PAULISTA","10.9651000769894","963.613465400456","0.327636924023542","11.4824742268041","0.554135524600984","50.4663194799006","3.11617141495626","963.613465400456","963.613465400456","0.497264640283776","0.291288127682063","78.2327512849314","21.7672487150686","0.126007926745934","0.15998106732931",5662,5662,57,266,"0","0",NA,"0",NA,0,0,"0","0","0","0",NA,NA,"0","0",NA,NA,0,0,0,0,"6654","ITAIM PAULISTA","Urbano","0.04","0.07","0.15","0.06","0.01","0.7","0.17","0.1","0.13","0.41","0.65","0.52",151,"130080.796","9.07084033082692","441389.358208121","9396.7839147849","6.77013790937229","0",36,"-0.557912314429747","3.17775237001221","18.2914129642375","19.1331269886137","63.3876189520326","0.220421100091185","1918.16608519972","-0.167160828435478","0.497264640283776"
"PARQUE DE PARAISOPOLIS","0.990635331428486","2.13127413127413","0.707093160971668","VILA ANDRADE","11.1058577125848","267.181860388492","0.171922430140565","3.87234042553191","0.484552334033226","96.9043447005437","1.66838897125998","267.181860388492","267.181860388492","0.766927340916584","0.162974987873256","96.9193212622246","3.08067873777538","0.251863975268231","0.225950782997763",1784,1784,2,133,"0","0",NA,"0",NA,0,0,"0","0","0","0",NA,NA,"0","0",NA,NA,0,0,0,0,"68000","CAMPO LIMPO","Urbano","0.12","0.07","0.17","0.04","0.07","1.19","0.31","0.22","0.37","0.91","0.68","0.52",3,"26755.331","17.7834122341398","1153125.35364527","114.540610522032","4.33407075085291","0",83,"-0.030423985503632","22.2303721427348","27.5293016880396","16.4621387825816","75.7316451314646","35.5993719157809","8732.68746794885","0.144805319119263","0.766927340916584"
"PARQUE DO POVO","0.99495288959938","1.48042168674699","0.479564630283457","ITAIM BIBI","11.3602456334066","1038.09034321284","0.378334868603469","18.7153716216216","0.548038699014167","14.6901947347382","16.3759922334533","1038.09034321284","1038.09034321284","0.584557627552692","0.30183287738037","47.2057563817029","52.7942436182971","0.0796304176037931","0.0906170584934928",9089,9089,184,496,"0","0",NA,"0",NA,0,0,"0","0","0","0",NA,NA,"0","0",NA,NA,0,0,0,0,"133547","PINHEIROS","Urbano","0.12","0.04","0.15","0.08","0.07","1.26","0.31","0.35","0.1","0.76","0.93","0.43",2,"208632.951","8.29835540016456","364382.860210076","15580.5529076755","4.63500012127785","0",35,"0.799842302788048","51.3094962665654","45.5714961475806","0.754599551369152","96.9430094087247","83.1786417300679","13916.6412339133","0.614216524886725","0.584557627552692"
"PARQUE DO TATUAPE (LIONS CLUBE PENHA)","0.984539782452653","1.72962962962963","0.697254048541024","TATUAPE","9.5981893623784","1022.37061769616","0.3540382584905","6.58163265306122","0.534023898189127","73.0884808013355","5.84974958263773","1022.37061769616","1022.37061769616","0.548998708697151","0.299205631869879","78.5375626043406","21.4624373956594","0.14973544973545","0.144916059550206",1531,1531,18,64,"0","0",NA,"0",NA,0,0,"0","0","0","0",NA,NA,"0","0",NA,NA,0,0,0,0,"18107","MOOCA","Urbano","0.04","0.03","0.29","0.02","0.02","0.52","0.14","0.08","0","0.22","0.52","0.13",48,"2395.993","8.71171338945717","105276.700454895","3611.47283020616","4.70444454164831","0",80,"0.360680271232843","33.2893059483371","35.7779362665203","1.46546355548434","92.7391975023518","32.3905276130753","9556.37806465835","0.429985264840865","0.548998708697151"
"PARQUE DO TIETE-NUCLEO ENGENHEIRO GOULART","0.997712555536971","5.00831564048125","0.882886924342893","CANGAIBA","15.2525345494077","720.326831226811","0.312357972472458","80.945352174873","0.522783321410647","1.63132732168435","2.0796453098486","585.726085903033","675.190691217377","0.440263752452792","0.241657633966976","21.2641630831792","37.6476688830249","0.0836526483362636","0.0747039784231664",300233,346091,6764,12480,"20.8240193873144","140.472969624798","0.259629833878294","31.7249941765483","0.016358620647212",72004,147,"4.80864937670534","0.0135978084312655","38.3977138513871","0.866201857027531","0.451724560764989","0.587739759195594","9.3412847022119","0.0218891550356957","0.0195900243868771","0.0711988975654571",19682,444,173,3,"1.4e+07","PENHA","Urbano","0.1","0.11","0.09","0.08","0.04","1","0.3","0.11","0.1","0.51","0.81","0.55",16,"38334.581","7.82417225926831","25722652.8734603","3763774.11331517","7.00565969753742","838044621",18,"-0.284347028922561","8.22339222219815","23.9360760280764","7.33087360419877","72.1463405972255","1.11992592088458","3003.68441147683","0.025481547448039","0.349946793165543"
"PARQUE DO TIETE - NUCLEO ITAIM BIACICA","0.992660896972539","1.3841059602649","0.585590758600867","JARDIM HELENA","10.6694251080148","868.314072991367","0.28342412336286","8.33890214797136","0.541820591352289","72.5779929657882","17.3046179144019","868.314072991367","868.314072991367","0.413083720601827","0.261814190489699","74.2269218471658","25.7730781528342","0.0943744482786293","0.110435210448629",3802,3802,32,192,"0","0",NA,"0",NA,0,0,"0","0","0","0",NA,NA,"0","0",NA,NA,0,0,0,0,"140000","SAO MIGUEL","Urbano","0.11","0.1","0.1","0.06","0.07","1.16","0.3","0.18","0.18","0.67","1","0.67",13,"216913.896","11.448606077017","408909.863252814","11831.360524267","4.48545411777804","794.31",44,"-0.613850038580675","2.59568271328475","19.1928406575879","21.9716987373944","56.4675990782983","0","1932.27117073306","-0.179433586908907","0.413083720601827"
"PARQUE DO TIETE - NUCLEO JARDIM HELENA","0.99629527687348","1.37649619151251","0.479253231631818","JARDIM HELENA","11.7207564216211","478.44357477385","0.390869649168934","10.7779349363508","0.497741708519487","6.43083980239944","44.8947841149676","478.44357477385","478.44357477385","0.734941648638512","0.176938872296657","24.0272342336563","75.9727657663437","0.0826856903063365","0.0729314932854756",5966,5966,120,193,"0","0",NA,"0",NA,0,0,"0","0","0","0",NA,NA,"0","0",NA,NA,0,0,0,0,"220000","SAO MIGUEL","Urbano","0.12","0.05","0.09","0.08","0.04","1.22","0.3","0.2","0.03","0.54","0.99","0.49",12,"23554.138","6.91429295530245","287520.501106819","4921.48696812987","4.15629572287837","640144",44,"-0.613850038580675","2.59568271328475","19.1928406575879","21.9716987373944","56.4675990782983","0","1932.27117073306","-0.179433586908907","0.734941648638512"
"PARQUE DO TIETE - NUCLEO VILA JACUI","0.995531037232039","1.39136302294197","0.629551711395192","SAO MIGUEL","11.3750702448605","609.131847460526","0.488117190277404","18.4932546374368","0.508353287431604","2.37017613863079","24.7369321096734","609.131847460526","609.131847460526","0.519843252299224","0.401097134446127","11.5282448839993","88.4717551160007","0.156328039156927","0.325236887761911",5343,5343,288,105,"0","0",NA,"0",NA,0,0,"0","0","0","0",NA,NA,"0","0",NA,NA,0,0,0,0,"171000","SAO MIGUEL","Urbano","0.1","0.09","0.08","0.08","0.02","0.82","0.23","0.11","0","0.34","0.57","0.45",7,"136204.483","5.12329880974544","63667.2343087066","16265.7947226421","3.56138483622948","1322987",74,"-0.361939327684633","7.21393976477665","25.7880772469807","11.0825812882679","68.3860215776143","0.92726326261637","2580.46496149157","-0.064014251165997","0.519843252299224"
"PARQUE MANOEL PITTA","0.994732300297216","1.92601156069364","0.641916999894622","BELEM","11.8006060890962","1224.56194621826","0.469036484524341","24.7286295793758","0.535502250646968","4.6305912160918","9.44457947573488","1224.56194621826","1224.56194621826","0.614937851789068","0.317810249841192","39.1166007468458","60.8833992531542","0.107520069593502","0.117409512413999",16626,16626,426,411,"0","0",NA,"0",NA,0,0,"0","0","0","0",NA,NA,"0","0",NA,NA,0,0,0,0,"210000","MOOCA","Urbano","0.11","0.12","0.03","0.08","0.02","1.12","0.35","0.31","0.18","0.85","0.79","0.59",14,"25179.019","7.99316211475577","454243.409819456","57318.8912856011","6.57582854787647","0",8,"0.079801395525234","20.794111801498","38.3536944730768","4.65115645720876","85.2134029389554","16.4532932782567","5714.28886149582","0.211861154982806","0.614937851789068"
"PARQUE NAIR BELLO","0.983221714326211","1.43814432989691","0.59307724409446","CIDADE LIDER","9.10006482498701","1277.78386072484","0.294983732093403","5.1015625","0.523583167425171","41.5197634950181","50.7938245921384","1277.78386072484","1277.78386072484","0.340247296362803","0.244690882905181","45.9870798204314","54.0129201795686","0.0808948004836759","0.0690457719162141",1167,1167,30,27,"0","0",NA,"0",NA,0,0,"0","0","0","0",NA,NA,"0","0",NA,NA,0,0,0,0,"8600","ITAQUERA","Urbano","0.06","0.04","0","0.04","0.02","0.86","0.13","0.13","0.06","0.33","0.9","0.16",1,"47770.421","5.67839344719607","31710.9882058664","3.60748904943466","2.40915250778198","0",24,"-0.348476330182721","7.71448844628269","22.1546605789696","10.6004773750161","70.2758575543089","0.806929880018765","2892.41691449536","-0.017041827127674","0.340247296362803"
"PINHEIRINHO DAGUA","0.992491707779357","3.52425373134328","0.840622609332801","JARAGUA","12.4635828141555","1239.12301331411","0.294108776831417","21.8427458617332","0.517809810548593","52.8661381481622","9.56605849106703","1239.12301331411","1239.12301331411","0.468358492931069","0.230397728897358","70.6937753669916","29.3062246330084","0.104413597241139","0.12555532462134",32667,32667,400,1094,"0","0",NA,"0",NA,0,0,"0","0","0","0",NA,NA,"0","0",NA,NA,0,0,0,0,"287002","PIRITUBA/JARAGUA","Urbano","0.11","0.07","0.26","0.07","0.01","1.26","0.38","0.23","0.06","0.67","0.9","0.57",84,"33170.47","8.72781518080442","1674782.63699836","6578.11854754761","4.27083814168211","2843014",42,"-0.439375791670158","5.26335990337178","20.3908029516571","13.1141113946842","65.805905650508","0.903329250256096","2357.25269217842","-0.083484286665694","0.468358492931069"
"PIQUERI","0.99499608034778","1.23125996810207","0.419453931417192","TATUAPE","11.4401165418231","415.215644253951","0.230075668562808","5.97135842880524","0.517872713008741","96.1735869274042","0.338601660862577","415.215644253951","415.215644253951","0.585372429777437","0.218112814649858","96.3386016608626","3.66139833913742","0.286787726988103","0.315765966949531",3875,3875,10,297,"0","0",NA,"0",NA,0,0,"0","0","0","0",NA,NA,"0","0",NA,NA,0,0,0,0,"98263","MOOCA","Urbano","0.1","0.07","0.09","0.07","0.05","1.11","0.24","0.2","0.37","0.82","0.88","0.46",169,"181117.932","16.7848500810806","1526342.93076062","5866.88294863701","4.61281099056874","1769767",80,"0.360680271232843","33.2893059483371","35.7779362665203","1.46546355548434","92.7391975023518","32.3905276130753","9556.37806465835","0.429985264840865","0.585372429777437"
"PRAIA DE SAO PAULO","0.973571967191095","2.32425742574257","0.697013538376631","SOCORRO","9.99752664918435","715.728715728716","0.415595305256167","8.6698717948718","0.562532403517114","11.4038342609771","11.7254174397032","639.455782312925","599.051741908885","0.597026366409259","0.295350049020064","30.7441764584622","26.5965780251495","0.0955159080116681","0.081469272427596",1551,1453,32,75,"0","0",NA,"0",NA,0,0,"17.1552257266543","0","192.949907235622","0","0.874538199657418",NA,"42.6592455163884","0","0.0287457296242069",NA,468,0,7,0,"31022","CAPELA DO SOCORRO","Urbano","0.1","0","0.01","0.06","0","0.81","0.2","0.15","0.2","0.55","0.61","0.22",148,"136493.083","6.77672740083542","66340.7728904784","1736.45994877815","3.27718766354165","0",79,"0.164839712670636","22.9817010396973","34.5940369713562","3.90167581363747","91.6301854344781","14.4664248780722","9350.37272527546","0.233538400521198","0.597026366409259"
"PREFEITO MARIO COVAS","0.979351032448378","1.54605263157895","0.562271132450329","JARDIM PAULISTA","8.52740937044978","175.715695952616","0.34411791163161","2.21328671328671","0.481836163107312","96.6436327739388","1.83613030602172","175.715695952616","175.715695952616","0.784433292100179","0.212023297491039","97.3938795656466","2.60612043435341","0.363855421686747","0.190871369294606",89,89,3,10,"0","0",NA,"0",NA,0,0,"0","0","0","0",NA,NA,"0","0",NA,NA,0,0,0,0,"5766","PINHEIROS","Urbano","0.11","0.07","0.35","0.07","0.04","1.41","0.2","0.17","0.18","0.56","0.74","0.43",114,"264791.24","15.5877877008731","78687.1523140073","631.012346625328","4.16628373619726","0",45,"0.884104357774209","54.0659271317092","51.4518951844732","0.423938276072698","97.1673644139954","84.5099114961063","16136.8035302112","0.593302723004134","0.784433292100179"
"PREVIDENCIA","0.99487405785444","1.40734557595993","0.529457007851311","BUTANTA","11.1235369400585","175.192553468224","0.399229003775194","3.0109243697479","0.535410111938442","3.11704762658765","5.20375040998903","147.369849689539","147.935351798862","0.405220184413759","0.354938056624405","4.36567628397254","6.25784634176686","0.0878209348255431","0.0551433544013923",1303,1308,34,18,"89.3764773742606","55.0799054480473","0.99276591077816","89.3764773742606","0.023901070352281",487,1,"0","0","0","0",NA,NA,"0","0",NA,NA,0,0,0,0,"89523","BUTANTA","Urbano","0.12","0.1","0.25","0.06","0.06","1.38","0.24","0.36","0.35","0.95","0.83","0.7",165,"35814.904","12.2522591674326","1009013.36228037","6332.22757645324","4.55785637826041","0",12,"0.354137392558993","35.3065717334706","36.7111045266809","2.6543379147186","94.0410433378493","40.5153631475851","8096.94903902449","0.377808091021985","0.698993047595959"
"RAPOSO TAVARES","0.995357875020279","1.73913043478261","0.582012020429014","RAPOSO TAVARES","11.7770510673579","734.909614061425","0.288348416833633","12.964375","0.525605176170102","24.1552511415525","2.90423469068618","696.003002439482","634.953399637205","0.392774604904356","0.249361240152129","41.4618127228373","16.7842622130481","0.0568399530498656","0.121714349994375",11127,10151,152,443,"26.7254644398574","138.862826046162","0.987617758411811","41.7539250641146","0.00667734440208441",2220,2,"0","0","0","0",NA,NA,"0","0",NA,NA,0,0,0,0,"180806","BUTANTA","Urbano","0.11","0.12","0.26","0.08","0.04","1.13","0.35","0.35","0","0.7","0.83","0.7",42,"1241857.366","8.45529819661619","1144352.74087733","4795.33803541027","3.89371027554758","0",65,"-0.332362837306885","7.77161259396413","24.8232298070335","12.2523014784854","73.9617545465404","2.06331720378999","2966.01000185962","-0.033971019968326","0.690196181658083"
"RAUL SEIXAS","0.991672697302296","1.1972602739726","0.550765871421006","JOSE BONIFACIO","10.2718324320509","1465.31831138862","0.370739874638855","9.6656976744186","0.537519543173272","57.7473869960635","15.5592507126374","1465.31831138862","1465.31831138862","0.535107696055052","0.280095855475511","68.6066241346545","31.3933758653455","0.121170379518358","0.134087061008247",4318,4318,75,136,"0","0",NA,"0",NA,0,0,"0","0","0","0",NA,NA,"0","0",NA,NA,0,0,0,0,"33162","ITAQUERA","Urbano","0.08","0.05","0.16","0.07","0.04","1.09","0.22","0.18","0.31","0.72","0.78","0.45",85,"620658.272","12.9481616911148","273588.18245241","5178.73213484883","4.57746508851805","255088",47,"-0.38673711710099","5.15367400550343","18.5133995263167","11.6301726623644","77.1022981198648","0.175659541589956","2423.16325549329","-0.071227457364881","0.535107696055052"
"RODRIGO DE GASPERI","0.989871962041363","1.68229166666667","0.780933957819408","PIRITUBA","10.261271168984","851.731751069408","0.280714091923184","8.30938416422287","0.552876435943201","75.4243135090382","6.61308127501035","851.731751069408","851.731751069408","0.740766478405502","0.243412547073266","83.6139092038085","16.3860907961915","0.166739759670204","0.183400982696005",2469,2469,15,185,"0","0",NA,"0",NA,0,0,"0","0","0","0",NA,NA,"0","0",NA,NA,0,0,0,0,"36832","PIRITUBA/JARAGUA","Urbano","0.07","0.14","0.17","0.04","0","1.16","0.22","0.12","0.37","0.72","0.91","0.52",91,"135803.726","10.3895545358928","256076.545423418","2767.55037373304","4.71473658216873","0",63,"-0.133361058263797","14.1179785581966","30.5290874612276","6.8570088504185","77.4901145951026","7.46208785728048","3957.92678367683","0.109623244550467","0.740766478405502"
"SANTA AMELIA","0.990438352536088","1.32389937106918","0.377460061577255","ITAIM PAULISTA","9.91577813570639","1886.1985472155","0.400025022879294","11.9114583333333","0.535674381468049","27.4818401937046","8.20338983050847","1886.1985472155","1886.1985472155","0.585291327714019","0.297466889845786","66.2615012106538","33.7384987893463","0.155975528499606","0.174475194305223",3895,3895,62,112,"0","0",NA,"0",NA,0,0,"0","0","0","0",NA,NA,"0","0",NA,NA,0,0,0,0,"25171","ITAIM PAULISTA","Urbano","0.05","0.08","0.09","0.06","0.03","1.13","0.17","0.13","0.12","0.43","0.8","0.49",82,"144977.21","6.61549114406028","97356.8754215632","1782.62963733077","4.70040774510421","0",36,"-0.557912314429747","3.17775237001221","18.2914129642375","19.1331269886137","63.3876189520326","0.220421100091185","1918.16608519972","-0.167160828435478","0.585291327714019"
"SANTO DIAS","0.995678216788796","1.35549525101764","0.484799420420422","CAPAO REDONDO","11.6830768845246","69.4881678158448","0.305952460622645","3.10041551246537","0.561235295125652","1.50263363995147","0.221133616916722","63.7294798753052","46.1462860301909","0.342788786617152","0.273788808513622","2.79488321380857","0.713309479568175","0.0828327978767984","0.252643294379521",830,601,25,50,"96.4918073066233","29.1005697261936","0.993226916211105","96.4918073066233","0.0761298149833182",379,1,"0","0","0","0",NA,NA,"0","0",NA,NA,0,0,0,0,"135805","CAMPO LIMPO","Urbano","0.07","0.05","0.29","0.08","0.05","1.28","0.3","0.23","0.31","0.85","0.69","0.45",34,"51199.712","13.7435302956736","1789081.23565219","9532.76293635368","5.73302535708456","1616068",19,"-0.484910294112885","4.70827348766307","17.5585850347109","14.3926878758945","64.2572818489953","0.681044436526038","2379.20045388333","-0.11440817898436","0.668007851414129"
"SAO DOMINGOS","0.994385730270289","1.36889692585895","0.466623049240423","SAO DOMINGOS","10.9222539315069","57.3320185941682","0.230711968458591","3.00844277673546","0.514483830338036","0.784617551767855","5.90787434849979","47.3306099450627","41.977743344133","0.199501667105422","0.237361351095257","1.73545569798563","6.06423439921116","0.0990388633514417","0.0186364708657702",336,298,29,22,"92.2003099028032","25.3556838991407","0.989524289693877","92.2003099028032","0.0592133208733328",180,1,"0","0","0","0",NA,NA,"0","0",NA,NA,0,0,0,0,"76278","PIRITUBA/JARAGUA","Urbano","0.08","0.14","0.06","0.07","0.04","1.08","0.27","0.15","0.24","0.66","0.7","0.64",155,"287010.443","14.1531513671275","931068.600974321","22647.3768997192","8.07369877723365","791597",95,"-0.163077314371174","11.963286999398","36.4377777554712","8.27524052113747","69.2698789739381","7.22937181987193","3990.51261781837","0.094039764179639","0.594512978399649"
"SAPOPEMBA (ATERRO)","0.996239385715347","1.88325791855204","0.602785563244067","SAO RAFAEL","12.3496141877949","212.327524386345","0.47281342222697","15.16251298027","0.515774298442954","0.612574627832834","60.0828574143994","212.327524386345","212.327524386345","0.502434663755892","0.395366217812808","4.29752637354092","95.7024736264591","0.149878147847279","0.394540640881288",4915,4915,251,96,"0","0",NA,"0",NA,0,0,"0","0","0","0",NA,NA,"0","0",NA,NA,0,0,0,0,"305088","SAO MATEUS","Urbano","0.05","0","0.01","0.07","0.01","0.52","0.3","0.18","0.03","0.52","0.64","0.33",79,"180807.315","5.89532492770423","71611.9857280552","4014.40532687306","3.23957720565598","3050985",75,"-0.589927327888117","2.86914262970168","18.7811416582184","18.3853408114897","51.6241507432994","0","2085.67521366948","-0.140227347311538","0.502434663755892"
"SENA","0.982288256526484","2.50299401197605","0.871555500462707","TREMEMBE","10.1259608497474","780.209324452902","0.266017187841438","6.70754716981132","0.534207290685278","50.8880431335236","3.56803044719315","780.209324452902","780.209324452902","0.691830209827237","0.238446560518616","89.3870916587377","10.6129083412623","0.226747544771808","0.21752380952381",1968,1968,9,139,"0","0",NA,"0",NA,0,0,"0","0","0","0",NA,NA,"0","0",NA,NA,0,0,0,0,"27789","JACANA/TREMEMBE","Urbano","0.11","0.04","0","0.05","0","1","0.32","0.12","0.37","0.82","0.88","0.27",67,"61790.088","9.98521977232602","230071.945079107","3013.81305018067","3.63522113761896","0",81,"-0.38140695766771","7.7289051230104","21.963661997277","12.0454765516893","62.411628240591","3.51412513883407","3127.03188499658","-0.009410208766238","0.691830209827237"
"SENHOR DO VALE","0.978408325552569","2.26058631921824","0.556356806934229","JARAGUA","9.98592049318602","1279.74568574024","0.306155864193082","8.5016835016835","0.549787288894551","52.3660308810173","3.1244323342416","1279.74568574024","1279.74568574024","0.559242357755761","0.274098241675143","82.8701180744777","17.1298819255223","0.190731602660373","0.237434308044738",2818,2818,19,150,"0","0",NA,"0",NA,0,0,"0","0","0","0",NA,NA,"0","0",NA,NA,0,0,0,0,"2592","PIRITUBA/JARAGUA","Urbano","0.1","0.03","0.29","0.08","0.07","0.87","0.23","0.21","0","0.45","0.64","0.47",69,"202335.547","12.6011752982778","232768.910109788","1013.43302415311","4.37051587072982","0",42,"-0.439375791670158","5.26335990337178","20.3908029516571","13.1141113946842","65.805905650508","0.903329250256096","2357.25269217842","-0.083484286665694","0.559242357755761"
"SETE CAMPOS","0.991566032965313","2.12305025996534","0.853721904110574","PEDREIRA","10.4574794822542","231.391214588829","0.485959443440652","12.7874331550802","0.567851891263072","0.30680123867416","26.278816378025","231.391214588829","231.391214588829","0.501257357807577","0.459678411066704","3.35474251634362","96.6452574836564","0.257155438132981","0.640276710222905",807,807,67,39,"0","0",NA,"0",NA,0,0,"0","0","0","0",NA,NA,"0","0",NA,NA,0,0,0,0,"83056","CIDADE ADEMAR","Urbano","0.02","0.01","0.09","0.07","0.01","0.76","0.25","0.28","0","0.53","0.72","0.61",162,"25215.899","4.28566150652527","6408.13536763191","6081.48636529595","4.06884363957983","4035.66",58,"-0.519908667858857","4.0984679871134","21.7734016316","16.8250186460939","58.5490720334041","0.255192671270602","2150.64991948147","-0.130918652425107","0.501257357807577"
"SEVERO GOMES","0.980972996668007","2.56707317073171","0.638031442322019","SANTO AMARO","10.1736295295426","566.145200486027","0.311705533925467","5.27538461538462","0.532124848719706","51.4732685297691","1.02521263669502","566.145200486027","566.145200486027","0.706940257464095","0.287896213230369","94.9043134872418","5.0956865127582","0.330506360688451","0.285057471264368",1491,1491,5,83,"0","0",NA,"0",NA,0,0,"0","0","0","0",NA,NA,"0","0",NA,NA,0,0,0,0,"6258","SANTO AMARO","Urbano","0.09","0.04","0.16","0.04","0.03","1.15","0.31","0.31","0.37","1","0.86","0.65",86,"2506521.171","12.7767980673945","321256.616407052","601.601089805365","4.14856314059973","0",71,"0.590886050957288","41.7328169369067","39.3685908196938","0.627311805731473","95.6885364424576","55.926599971254","12509.4645099667","0.539499289218466","0.706940257464095"
"SHANGRILA","0.990182912837598","1.9146110056926","0.506803144312854","GRAJAU","10.8139268730801","464.320926793197","0.351221709351183","5.96862745098039","0.55946972359601","17.3758318954893","2.75912003943801","447.066798126695","362.644811437022","0.522880793262679","0.278288622030408","28.024094158245","7.75973625831896","0.0495403190075321","0.158276278695127",2902,2354,38,110,"63.1485703721962","98.7490756716786","0.990278353784977","63.1485703721962","0.00594248670212766",641,1,"1.01984224796648","0","20.1811683509983","0","0.781490595458532",NA,"1.06759921123983","0","0.0255063765941485",NA,131,0,2,0,"53811","CAPELA DO SOCORRO","Urbano","0.08","0.05","0.19","0.08","0.02","1.08","0.32","0.31","0.14","0.78","0.8","0.53",159,"69657.715","22.1863778029261","1321570.41999245","9742.97087258846","5.00928189669105","0",30,"-0.614252098375229","2.70407708534811","13.1047847469642","17.8520599070898","53.2234066180632","0.193171757695639","2018.6599727649","-0.150317547305354","0.756579573523828"
"TENENTE BRIGADEIRO ROBERTO FARIA LIMA","0.990239254165701","1.76962025316456","0.723295287639735","VILA MARIA","10.3526393573525","588.067370825007","0.307600308017331","6.30056179775281","0.524637760951728","93.0884638563771","1.04354997303898","588.067370825007","588.067370825007","0.56041715475403","0.275749366696172","93.8972943825927","6.1027056174073","0.301126044315292","0.286968085106383",1854,1854,16,127,"0","0",NA,"0",NA,0,0,"0","0","0","0",NA,NA,"0","0",NA,NA,0,0,0,0,"38837","VILA MARIA/VILA GUILHERME","Urbano","0.1","0.07","0.2","0.07","0.04","1.34","0.35","0.21","0.37","0.93","0.8","0.62",98,"36833.333","10.7576546024571","323262.141976533","975.31608247757","3.98494824301356","0",89,"-0.174565532319631","10.140072537184","40.154262499735","8.36797758191897","71.7637653576189","5.1979519215768","3446.06191068727","0.033561190316041","0.56041715475403"
"TENENTE SIQUEIRA CAMPOS (TRIANON)","0.989284924043617","2.01827676240209","0.400858817512059","JARDIM PAULISTA","10.4950947566147","10.9814687714482","0.711347797543297","2.20418848167539","0.660483485733684","0.189430336307481","0","10.9814687714482","0","0.572582384403037",NA,"0.315717227179135","0","0.25",NA,40,0,4,0,"51.2862045298559","10.9814687714482","0.988878623823819","99.6842827728209","0.638364779874214",40,2,"0","0","0","0",NA,NA,"0","0",NA,NA,0,0,0,0,"18729","PINHEIROS","Urbano","0.11","0.07","0.07","0.02","0.01","0.83","0.16","0.16","0.15","0.48","0.6","0.51",108,"30904.211","20.3323924058346","739494.194898307","0",NA,"0",45,"0.884104357774209","54.0659271317092","51.4518951844732","0.423938276072698","97.1673644139954","84.5099114961063","16136.8035302112","0.593302723004134","0.780730504113428"
"TROTE","0.995822776801213","1.21377331420373","0.375853070508017","VILA GUILHERME","11.3686841783879","1109.0859691625","0.404918865816885","18.3470588235294","0.511782913488621","26.4733851065275","9.23653406389386","1109.0859691625","1109.0859691625","0.556108693522518","0.283143401478107","50.5886748024543","49.4113251975457","0.0769301186621048","0.0949744463373084",9797,9797,207,257,"0","0",NA,"0",NA,0,0,"0","0","0","0",NA,NA,"0","0",NA,NA,0,0,0,0,"121211","VILA MARIA/VILA GUILHERME","Urbano","0.14","0.14","0.22","0.05","0.03","1.42","0.32","0.3","0.23","0.86","0.79","0.69",28,"40730.168","7.16812340509772","345980.228332149","27856.4906519353","4.8458617044228","0",86,"0.02145933396383","19.3321487086009","38.0448292534453","6.22589789051852","83.4813461759972","15.1451611274408","4815.70722647337","0.179176336521111","0.556108693522518"
"VILA DO RODEIO","0.997449745699837","1.76713197969543","0.703527821008618","CIDADE TIRADENTES","12.9596227875552","857.53355261876","0.333377939035468","23.2697937458416","0.514750979267582","2.30586243116333","4.96615954697544","787.815665623378","784.078248408941","0.386469447289069","0.253455580792234","16.2726437001493","30.6222002582538","0.132129459239561","0.08225147131302",44477,44266,1297,878,"32.6632551664036","143.173191205202","0.989450105355078","53.1051560415969","0.00764274389123989",8083,2,"0","0","0","0",NA,NA,"0","0",NA,NA,0,0,0,0,"620477","CIDADE TIRADENTES","Urbano","0.07","0","0.01","0.05","0.01","0.48","0.09","0.06","0.2","0.35","0.82","0.35",116,"5557.427","7.10357399290159","2979141.25848052","37483.7549236398","3.72371097866627","1753792",25,"-0.562307221553176","2.52161174056701","12.5253552993115","18.48125966111","69.6606331729164","0","1783.38353365063","-0.163119557231754","0.687959776322074"
"VILA DOS REMEDIOS","0.993342408236433","1.84210526315789","0.660863098216309","JAGUARA","11.2337253242077","222.856681665019","0.384340587182071","4.73412698412698","0.564926028239913","5.39436250277436","1.81594398821654","211.96101773572","178.870482839329","0.473088906551713","0.315186239402644","13.227134238615","4.77996812009443","0.0601723607263773","0.123688155922039",2101,1773,36,55,"81.9928976412905","54.8818627549888","0.99289021774349","81.9928976412905","0.0118747750989565",544,1,"0","0","0","0",NA,NA,"0","0",NA,NA,0,0,0,0,"104319","LAPA","Urbano","0.13","0.12","0.24","0.08","0.08","1.3","0.27","0.18","0.29","0.75","1.01","0.71",17,"22147.559","14.5056458293245","1376796.12106742","2763.41577523667","4.98802147631407","4745451",40,"-0.043861275227761","14.8872832583708","41.6891858928628","4.81638909211059","78.0400116530256","4.61949226187092","4415.60278369219","0.124995232861833","0.732989562147601"
"VILA GUILHERME","0.981006598074546","2.18050541516245","0.832437160196274","VILA GUILHERME","9.71100392634986","180.948922778988","0.180351477591223","4.30813953488372","0.479154176210978","97.7668845315904","0.369160009682885","180.948922778988","180.948922778988","0.831234239587389","0.142064256297331","98.517308157831","1.48269184216897","0.615384615384615","0.412663755458515",299,299,3,51,"0","0",NA,"0",NA,0,0,"0","0","0","0",NA,NA,"0","0",NA,NA,0,0,0,0,"19151","VILA MARIA/VILA GUILHERME","Urbano","0.14","0.1","0.29","0.06","0.04","1.41","0.35","0.3","0.31","0.97","0.79","0.64",73,"118002.657","10.6969860643947","178698.500698745","1532.49183535576","3.44408313276868","0",86,"0.02145933396383","19.3321487086009","38.0448292534453","6.22589789051852","83.4813461759972","15.1451611274408","4815.70722647337","0.179176336521111","0.831234239587389"
"VILA SILVIA","0.974130356127565","1.72670807453416","0.769207886221905","CANGAIBA","8.41997107450823","1481.16067561715","0.322556267455835","5.80882352941176","0.514714116487214","65.1364226938068","11.0004330879168","1481.16067561715","1481.16067561715","0.402384166199613","0.276204584314287","73.9281074058034","26.0718925941966","0.1744943435036","0.186484174508127",684,684,18,31,"0","0",NA,"0",NA,0,0,"0","0","0","0",NA,NA,"0","0",NA,NA,0,0,0,0,"6475","PENHA","Urbano","0.08","0.03","0.26","0.07","0.02","1.14","0.33","0.29","0","0.62","0.91","0.53",137,"30469.178","5.43344820007809","20391.7310948931","1978.23725238442","4.40016478764162","0",18,"-0.284347028922561","8.22339222219815","23.9360760280764","7.33087360419877","72.1463405972255","1.11992592088458","3003.68441147683","0.025481547448039","0.402384166199613"
"VILLA LOBOS","0.997847543121276","1.64323374340949","0.541369652015894","ALTO DE PINHEIROS","13.2088211766431","935.950937011739","0.421075213975658","30.6963806970509","0.528311426551734","27.7919317922339","6.0251751671662","935.950937011739","935.950937011739","0.576564740343181","0.28418149112955","49.0904971924708","50.9095028075292","0.0582896040512275","0.064976293335936",52056,52056,957,1087,"0","0",NA,"0",NA,0,0,"0","0","0","0",NA,NA,"0","0",NA,NA,0,0,0,0,"732000","PINHEIROS","Urbano","0.13","0.12","0.24","0.08","0.08","1.3","0.27","0.18","0.29","0.75","1.01","0.71",9,"189681.769","9.06445510444153","2585144.07185253","62928.1997445165","6.07279007921888","0",2,"0.775501679635104","46.5329237750076","50.7462276785987","0.670100083494507","95.5729310472491","67.5668235156343","15171.5809006587","0.611255328917109","0.576564740343181"
"ZILDA ARNS NEUMANN - INTEGRACAO","0.109132295721451","10.3512035010941","0.540518462363077","SAPOPEMBA","11.6022453429881","1052.645751986","0.374302761357739","32.1833832335329","0.539260911081508","5.00426372245411","8.09748215968763","1052.645751986","1052.645751986","0.502397772386151","0.283765352713011","41.4272249899017","58.5727750100983","0.11498356444696","0.146605523247751",11727,11727,499,706,"0","0",NA,"0",NA,0,0,"0","0","0","0",NA,NA,"0","0",NA,NA,0,0,0,0,"208588","SAPOPEMBA","Linear","0.14","0","0.06","0.07","0","0.44","0.12","0.06","0.06","0.24","0.62","0.35",65,"608503.609","6.27500058534856","362806.415093536","101940.013094001","6.18199080752248","0",76,"-0.396887076648056","4.09636768324093","24.1705793644192","11.3868625288567","67.9934307974551","0.229129564342465","2276.15217864537","-0.062748381547136","0.502397772386151"
"ZILDA NATEL","0.96890286512928","1.33673469387755","0.465805742714912","PERDIZES","7.2090316741765","199.409158050222","0.492729984603541","2.69594594594595","0.617282552590022","95.9379615952733","1.18168389955687","199.409158050222","199.409158050222","0.790852739286631","0.293981481481481","98.301329394387","1.698670605613","0.721212121212121","0.305555555555556",27,27,2,3,"0","0",NA,"0",NA,0,0,"0","0","0","0",NA,NA,"0","0",NA,NA,0,0,0,0,"2396","LAPA","Urbano","0.1","0.07","0","0.07","0.02","0.81","0.2","0.15","0.37","0.72","0.73","0.19",71,"23064.771","10.7696407523596","15532.5143750906","472.502859354019","4.10732212681924","0",60,"0.697948208046594","46.7964497600706","44.207271210258","0.481213004202443","96.3137528241907","65.3531558813855","12788.8655059402","0.6070753839998","0.790852739286631"
